\BOOKMARK [0][-]{chapter.1}{\376\377\000Q\000u\000i\000c\000k\000s\000t\000a\000r\000t}{}% 1
\BOOKMARK [0][-]{chapter.2}{\376\377\000S\000t\000a\000r\000t\000\040\000H\000e\000r\000e}{}% 2
\BOOKMARK [0][-]{chapter.3}{\376\377\000D\000o\000c\000u\000m\000e\000n\000t\000a\000t\000i\000o\000n\000\040\000S\000t\000r\000u\000c\000t\000u\000r\000e}{}% 3
\BOOKMARK [1][-]{section.3.1}{\376\377\000P\000a\000r\000t\000\040\000I\000:\000\040\000O\000v\000e\000r\000v\000i\000e\000w}{chapter.3}% 4
\BOOKMARK [2][-]{subsection.3.1.1}{\376\377\000O\000v\000e\000r\000v\000i\000e\000w}{section.3.1}% 5
\BOOKMARK [2][-]{subsection.3.1.2}{\376\377\000W\000h\000a\000t\000\040\000i\000s\000\040\000p\000y\0003\000p\000l\000e\000x\000?}{section.3.1}% 6
\BOOKMARK [3][-]{subsubsection*.6}{\376\377\000K\000e\000y\000\040\000F\000e\000a\000t\000u\000r\000e\000s}{subsection.3.1.2}% 7
\BOOKMARK [4][-]{paragraph*.7}{\376\377\000M\000u\000l\000t\000i\000l\000a\000y\000e\000r\000\040\000N\000e\000t\000w\000o\000r\000k\000\040\000S\000t\000r\000u\000c\000t\000u\000r\000e\000s}{subsubsection*.6}% 8
\BOOKMARK [4][-]{paragraph*.8}{\376\377\000S\000Q\000L\000-\000l\000i\000k\000e\000\040\000D\000S\000L\000\040\000f\000o\000r\000\040\000N\000e\000t\000w\000o\000r\000k\000\040\000Q\000u\000e\000r\000i\000e\000s}{subsubsection*.6}% 9
\BOOKMARK [4][-]{paragraph*.9}{\376\377\000C\000o\000m\000p\000r\000e\000h\000e\000n\000s\000i\000v\000e\000\040\000A\000l\000g\000o\000r\000i\000t\000h\000m\000\040\000S\000u\000i\000t\000e}{subsubsection*.6}% 10
\BOOKMARK [4][-]{paragraph*.10}{\376\377\000P\000u\000b\000l\000i\000c\000a\000t\000i\000o\000n\000-\000R\000e\000a\000d\000y\000\040\000V\000i\000s\000u\000a\000l\000i\000z\000a\000t\000i\000o\000n\000s}{subsubsection*.6}% 11
\BOOKMARK [4][-]{paragraph*.11}{\376\377\000H\000i\000g\000h\000-\000P\000e\000r\000f\000o\000r\000m\000a\000n\000c\000e\000\040\000I\000/\000O}{subsubsection*.6}% 12
\BOOKMARK [3][-]{subsubsection*.12}{\376\377\000W\000h\000a\000t\000\040\000M\000a\000k\000e\000s\000\040\000p\000y\0003\000p\000l\000e\000x\000\040\000U\000n\000i\000q\000u\000e\000?}{subsection.3.1.2}% 13
\BOOKMARK [3][-]{subsubsection*.13}{\376\377\000W\000h\000e\000n\000\040\000t\000o\000\040\000U\000s\000e\000\040\000p\000y\0003\000p\000l\000e\000x\000?}{subsection.3.1.2}% 14
\BOOKMARK [3][-]{subsubsection*.14}{\376\377\000R\000e\000l\000a\000t\000e\000d\000\040\000P\000r\000o\000j\000e\000c\000t\000s}{subsection.3.1.2}% 15
\BOOKMARK [3][-]{subsubsection*.15}{\376\377\000N\000e\000x\000t\000\040\000S\000t\000e\000p\000s}{subsection.3.1.2}% 16
\BOOKMARK [2][-]{subsection.3.1.3}{\376\377\000K\000e\000y\000\040\000U\000s\000e\000\040\000C\000a\000s\000e\000s}{section.3.1}% 17
\BOOKMARK [3][-]{subsubsection*.16}{\376\377\000S\000o\000c\000i\000a\000l\000\040\000N\000e\000t\000w\000o\000r\000k\000s}{subsection.3.1.3}% 18
\BOOKMARK [3][-]{subsubsection*.17}{\376\377\000B\000i\000o\000l\000o\000g\000i\000c\000a\000l\000\040\000N\000e\000t\000w\000o\000r\000k\000s}{subsection.3.1.3}% 19
\BOOKMARK [3][-]{subsubsection*.18}{\376\377\000T\000r\000a\000n\000s\000p\000o\000r\000t\000a\000t\000i\000o\000n\000\040\000N\000e\000t\000w\000o\000r\000k\000s}{subsection.3.1.3}% 20
\BOOKMARK [3][-]{subsubsection*.19}{\376\377\000K\000n\000o\000w\000l\000e\000d\000g\000e\000\040\000G\000r\000a\000p\000h\000s}{subsection.3.1.3}% 21
\BOOKMARK [3][-]{subsubsection*.20}{\376\377\000S\000c\000i\000e\000n\000t\000i\000f\000i\000c\000\040\000C\000o\000l\000l\000a\000b\000o\000r\000a\000t\000i\000o\000n}{subsection.3.1.3}% 22
\BOOKMARK [3][-]{subsubsection*.21}{\376\377\000E\000p\000i\000d\000e\000m\000i\000c\000\040\000M\000o\000d\000e\000l\000i\000n\000g}{subsection.3.1.3}% 23
\BOOKMARK [3][-]{subsubsection*.22}{\376\377\000C\000o\000m\000m\000u\000n\000i\000c\000a\000t\000i\000o\000n\000\040\000N\000e\000t\000w\000o\000r\000k\000s}{subsection.3.1.3}% 24
\BOOKMARK [3][-]{subsubsection*.23}{\376\377\000F\000i\000n\000a\000n\000c\000i\000a\000l\000\040\000N\000e\000t\000w\000o\000r\000k\000s}{subsection.3.1.3}% 25
\BOOKMARK [3][-]{subsubsection*.24}{\376\377\000C\000l\000i\000n\000i\000c\000a\000l\000\040\000C\000o\000n\000s\000e\000n\000s\000u\000s\000\040\000N\000e\000t\000w\000o\000r\000k\000s}{subsection.3.1.3}% 26
\BOOKMARK [3][-]{subsubsection*.25}{\376\377\000N\000e\000x\000t\000\040\000S\000t\000e\000p\000s}{subsection.3.1.3}% 27
\BOOKMARK [2][-]{subsection.3.1.4}{\376\377\000M\000u\000l\000t\000i\000l\000a\000y\000e\000r\000\040\000N\000e\000t\000w\000o\000r\000k\000s\000\040\000i\000n\000\040\0002\000\040\000M\000i\000n\000u\000t\000e\000s}{section.3.1}% 28
\BOOKMARK [3][-]{subsubsection*.26}{\376\377\000T\000h\000e\000\040\000C\000o\000r\000e\000\040\000I\000d\000e\000a}{subsection.3.1.4}% 29
\BOOKMARK [3][-]{subsubsection*.27}{\376\377\000V\000i\000s\000u\000a\000l\000\040\000I\000n\000t\000u\000i\000t\000i\000o\000n}{subsection.3.1.4}% 30
\BOOKMARK [3][-]{subsubsection*.28}{\376\377\000K\000e\000y\000\040\000C\000o\000n\000c\000e\000p\000t\000s}{subsection.3.1.4}% 31
\BOOKMARK [3][-]{subsubsection*.29}{\376\377\000T\000y\000p\000e\000s\000\040\000o\000f\000\040\000M\000u\000l\000t\000i\000l\000a\000y\000e\000r\000\040\000N\000e\000t\000w\000o\000r\000k\000s}{subsection.3.1.4}% 32
\BOOKMARK [3][-]{subsubsection*.30}{\376\377\000W\000h\000y\000\040\000M\000u\000l\000t\000i\000l\000a\000y\000e\000r\000\040\000M\000a\000t\000t\000e\000r\000s}{subsection.3.1.4}% 33
\BOOKMARK [3][-]{subsubsection*.31}{\376\377\000R\000e\000a\000l\000-\000W\000o\000r\000l\000d\000\040\000I\000m\000p\000a\000c\000t}{subsection.3.1.4}% 34
\BOOKMARK [3][-]{subsubsection*.32}{\376\377\000Q\000u\000i\000c\000k\000\040\000E\000x\000a\000m\000p\000l\000e\000\040\000i\000n\000\040\000C\000o\000d\000e}{subsection.3.1.4}% 35
\BOOKMARK [3][-]{subsubsection*.33}{\376\377\000W\000h\000e\000n\000\040\000t\000o\000\040\000U\000s\000e\000\040\000M\000u\000l\000t\000i\000l\000a\000y\000e\000r\000\040\000A\000n\000a\000l\000y\000s\000i\000s\000?}{subsection.3.1.4}% 36
\BOOKMARK [3][-]{subsubsection*.34}{\376\377\000N\000e\000x\000t\000\040\000S\000t\000e\000p\000s}{subsection.3.1.4}% 37
\BOOKMARK [1][-]{section.3.2}{\376\377\000P\000a\000r\000t\000\040\000I\000I\000:\000\040\000G\000e\000t\000t\000i\000n\000g\000\040\000S\000t\000a\000r\000t\000e\000d\000\040\000\050\000T\000u\000t\000o\000r\000i\000a\000l\000s\000\051}{chapter.3}% 38
\BOOKMARK [2][-]{subsection.3.2.1}{\376\377\000G\000e\000t\000t\000i\000n\000g\000\040\000S\000t\000a\000r\000t\000e\000d\000\040\000\050\000T\000u\000t\000o\000r\000i\000a\000l\000s\000\051}{section.3.2}% 39
\BOOKMARK [3][-]{subsubsection*.35}{\376\377\000R\000e\000c\000o\000m\000m\000e\000n\000d\000e\000d\000\040\000P\000a\000t\000h}{subsection.3.2.1}% 40
\BOOKMARK [3][-]{subsubsection*.36}{\376\377\000W\000h\000a\000t\000\040\000Y\000o\000u\040\031\000l\000l\000\040\000L\000e\000a\000r\000n}{subsection.3.2.1}% 41
\BOOKMARK [2][-]{subsection.3.2.2}{\376\377\000I\000n\000s\000t\000a\000l\000l\000a\000t\000i\000o\000n\000\040\000a\000n\000d\000\040\000S\000e\000t\000u\000p}{section.3.2}% 42
\BOOKMARK [3][-]{subsubsection*.37}{\376\377\000W\000h\000i\000c\000h\000\040\000D\000o\000c\000s\000\040\000S\000h\000o\000u\000l\000d\000\040\000I\000\040\000U\000s\000e\000?}{subsection.3.2.2}% 43
\BOOKMARK [3][-]{subsubsection*.38}{\376\377\000I\000n\000s\000t\000a\000l\000l\000a\000t\000i\000o\000n\000\040\000M\000o\000d\000e\000s}{subsection.3.2.2}% 44
\BOOKMARK [3][-]{subsubsection*.39}{\376\377\000B\000a\000s\000i\000c\000\040\000I\000n\000s\000t\000a\000l\000l\000a\000t\000i\000o\000n}{subsection.3.2.2}% 45
\BOOKMARK [4][-]{paragraph*.40}{\376\377\000I\000n\000s\000t\000a\000l\000l\000\040\000f\000r\000o\000m\000\040\000P\000y\000P\000I\000\040\000\050\000R\000e\000c\000o\000m\000m\000e\000n\000d\000e\000d\000\051}{subsubsection*.39}% 46
\BOOKMARK [4][-]{paragraph*.42}{\376\377\000I\000n\000s\000t\000a\000l\000l\000\040\000f\000r\000o\000m\000\040\000S\000o\000u\000r\000c\000e}{subsubsection*.39}% 47
\BOOKMARK [4][-]{paragraph*.43}{\376\377\000D\000o\000c\000k\000e\000r\000\040\000I\000n\000s\000t\000a\000l\000l\000a\000t\000i\000o\000n\000\040\000\050\000A\000l\000t\000e\000r\000n\000a\000t\000i\000v\000e\000\051}{subsubsection*.39}% 48
\BOOKMARK [3][-]{subsubsection*.44}{\376\377\000O\000p\000t\000i\000o\000n\000a\000l\000\040\000D\000e\000p\000e\000n\000d\000e\000n\000c\000i\000e\000s}{subsection.3.2.2}% 49
\BOOKMARK [4][-]{paragraph*.45}{\376\377\000A\000d\000v\000a\000n\000c\000e\000d\000\040\000C\000o\000m\000m\000u\000n\000i\000t\000y\000\040\000D\000e\000t\000e\000c\000t\000i\000o\000n}{subsubsection*.44}% 50
\BOOKMARK [4][-]{paragraph*.46}{\376\377\000A\000d\000d\000i\000t\000i\000o\000n\000a\000l\000\040\000A\000l\000g\000o\000r\000i\000t\000h\000m\000s}{subsubsection*.44}% 51
\BOOKMARK [4][-]{paragraph*.47}{\376\377\000A\000d\000v\000a\000n\000c\000e\000d\000\040\000V\000i\000s\000u\000a\000l\000i\000z\000a\000t\000i\000o\000n}{subsubsection*.44}% 52
\BOOKMARK [4][-]{paragraph*.48}{\376\377\000A\000p\000a\000c\000h\000e\000\040\000A\000r\000r\000o\000w\000\040\000S\000u\000p\000p\000o\000r\000t}{subsubsection*.44}% 53
\BOOKMARK [4][-]{paragraph*.49}{\376\377\000M\000u\000l\000t\000i\000p\000l\000e\000\040\000E\000x\000t\000r\000a\000s}{subsubsection*.44}% 54
\BOOKMARK [4][-]{paragraph*.50}{\376\377\000W\000o\000r\000k\000f\000l\000o\000w\000\040\000C\000o\000n\000f\000i\000g\000u\000r\000a\000t\000i\000o\000n\000\040\000S\000u\000p\000p\000o\000r\000t}{subsubsection*.44}% 55
\BOOKMARK [4][-]{paragraph*.51}{\376\377\000D\000e\000v\000e\000l\000o\000p\000m\000e\000n\000t\000\040\000I\000n\000s\000t\000a\000l\000l\000a\000t\000i\000o\000n}{subsubsection*.44}% 56
\BOOKMARK [3][-]{subsubsection*.52}{\376\377\000S\000y\000s\000t\000e\000m\000\040\000R\000e\000q\000u\000i\000r\000e\000m\000e\000n\000t\000s}{subsection.3.2.2}% 57
\BOOKMARK [4][-]{paragraph*.53}{\376\377\000P\000y\000t\000h\000o\000n\000\040\000V\000e\000r\000s\000i\000o\000n}{subsubsection*.52}% 58
\BOOKMARK [4][-]{paragraph*.54}{\376\377\000P\000l\000a\000t\000f\000o\000r\000m\000\040\000S\000u\000p\000p\000o\000r\000t}{subsubsection*.52}% 59
\BOOKMARK [4][-]{paragraph*.55}{\376\377\000C\000o\000r\000e\000\040\000D\000e\000p\000e\000n\000d\000e\000n\000c\000i\000e\000s}{subsubsection*.52}% 60
\BOOKMARK [3][-]{subsubsection*.56}{\376\377\000E\000x\000t\000e\000r\000n\000a\000l\000\040\000B\000i\000n\000a\000r\000i\000e\000s\000\040\000\050\000O\000p\000t\000i\000o\000n\000a\000l\000\051}{subsection.3.2.2}% 61
\BOOKMARK [4][-]{paragraph*.57}{\376\377\000I\000n\000f\000o\000m\000a\000p\000\040\000C\000o\000m\000m\000u\000n\000i\000t\000y\000\040\000D\000e\000t\000e\000c\000t\000i\000o\000n}{subsubsection*.56}% 62
\BOOKMARK [4][-]{paragraph*.58}{\376\377\000N\000o\000d\000e\0002\000V\000e\000c\000\040\000E\000m\000b\000e\000d\000d\000i\000n\000g\000s}{subsubsection*.56}% 63
\BOOKMARK [3][-]{subsubsection*.59}{\376\377\000V\000i\000r\000t\000u\000a\000l\000\040\000E\000n\000v\000i\000r\000o\000n\000m\000e\000n\000t\000\040\000S\000e\000t\000u\000p}{subsection.3.2.2}% 64
\BOOKMARK [4][-]{paragraph*.60}{\376\377\000U\000s\000i\000n\000g\000\040\000u\000v\000\040\000\050\000R\000e\000c\000o\000m\000m\000e\000n\000d\000e\000d\000\051}{subsubsection*.59}% 65
\BOOKMARK [4][-]{paragraph*.62}{\376\377\000U\000s\000i\000n\000g\000\040\000v\000e\000n\000v}{subsubsection*.59}% 66
\BOOKMARK [4][-]{paragraph*.63}{\376\377\000U\000s\000i\000n\000g\000\040\000c\000o\000n\000d\000a}{subsubsection*.59}% 67
\BOOKMARK [3][-]{subsubsection*.64}{\376\377\000C\000o\000m\000m\000o\000n\000\040\000I\000n\000s\000t\000a\000l\000l\000a\000t\000i\000o\000n\000\040\000I\000s\000s\000u\000e\000s}{subsection.3.2.2}% 68
\BOOKMARK [4][-]{paragraph*.65}{\376\377\000I\000s\000s\000u\000e\000:\000\040\040\034\000N\000o\000\040\000m\000o\000d\000u\000l\000e\000\040\000n\000a\000m\000e\000d\000\040\040\030\000n\000u\000m\000p\000y\040\031\040\035}{subsubsection*.64}% 69
\BOOKMARK [4][-]{paragraph*.66}{\376\377\000I\000s\000s\000u\000e\000:\000\040\000C\000o\000m\000p\000i\000l\000a\000t\000i\000o\000n\000\040\000e\000r\000r\000o\000r\000s\000\040\000o\000n\000\040\000W\000i\000n\000d\000o\000w\000s}{subsubsection*.64}% 70
\BOOKMARK [4][-]{paragraph*.67}{\376\377\000I\000s\000s\000u\000e\000:\000\040\040\034\000P\000e\000r\000m\000i\000s\000s\000i\000o\000n\000\040\000d\000e\000n\000i\000e\000d\040\035\000\040\000o\000n\000\040\000L\000i\000n\000u\000x\000/\000m\000a\000c\000O\000S}{subsubsection*.64}% 71
\BOOKMARK [4][-]{paragraph*.68}{\376\377\000I\000s\000s\000u\000e\000:\000\040\000O\000l\000d\000\040\000v\000e\000r\000s\000i\000o\000n\000\040\000i\000n\000s\000t\000a\000l\000l\000e\000d}{subsubsection*.64}% 72
\BOOKMARK [3][-]{subsubsection*.69}{\376\377\000V\000e\000r\000i\000f\000y\000i\000n\000g\000\040\000I\000n\000s\000t\000a\000l\000l\000a\000t\000i\000o\000n}{subsection.3.2.2}% 73
\BOOKMARK [3][-]{subsubsection*.70}{\376\377\000L\000i\000c\000e\000n\000s\000e\000\040\000C\000o\000n\000s\000i\000d\000e\000r\000a\000t\000i\000o\000n\000s}{subsection.3.2.2}% 74
\BOOKMARK [4][-]{paragraph*.71}{\376\377\000M\000a\000i\000n\000\040\000L\000i\000b\000r\000a\000r\000y\000\040\000L\000i\000c\000e\000n\000s\000e}{subsubsection*.70}% 75
\BOOKMARK [4][-]{paragraph*.72}{\376\377\000B\000u\000n\000d\000l\000e\000d\000\040\000C\000o\000d\000e\000\040\000L\000i\000c\000e\000n\000s\000e\000s}{subsubsection*.70}% 76
\BOOKMARK [4][-]{paragraph*.73}{\376\377\000L\000i\000c\000e\000n\000s\000e\000\040\000M\000a\000t\000r\000i\000x}{subsubsection*.70}% 77
\BOOKMARK [4][-]{paragraph*.74}{\376\377\000R\000e\000c\000o\000m\000m\000e\000n\000d\000a\000t\000i\000o\000n\000s}{subsubsection*.70}% 78
\BOOKMARK [3][-]{subsubsection*.75}{\376\377\000N\000e\000x\000t\000\040\000S\000t\000e\000p\000s}{subsection.3.2.2}% 79
\BOOKMARK [3][-]{subsubsection*.76}{\376\377\000G\000e\000t\000t\000i\000n\000g\000\040\000H\000e\000l\000p}{subsection.3.2.2}% 80
\BOOKMARK [2][-]{subsection.3.2.3}{\376\377\000Q\000u\000i\000c\000k\000\040\000S\000t\000a\000r\000t\000\040\000T\000u\000t\000o\000r\000i\000a\000l}{section.3.2}% 81
\BOOKMARK [3][-]{subsubsection*.78}{\376\377\000I\000n\000s\000t\000a\000l\000l\000a\000t\000i\000o\000n}{subsection.3.2.3}% 82
\BOOKMARK [3][-]{subsubsection*.79}{\376\377\000E\000x\000a\000m\000p\000l\000e\000\040\0001\000:\000\040\000L\000o\000a\000d\000\040\000a\000n\000d\000\040\000Q\000u\000e\000r\000y\000\040\000\050\0001\000\040\000m\000i\000n\000\051}{subsection.3.2.3}% 83
\BOOKMARK [3][-]{subsubsection*.80}{\376\377\000E\000x\000a\000m\000p\000l\000e\000\040\0002\000:\000\040\000C\000r\000e\000a\000t\000e\000\040\000N\000e\000t\000w\000o\000r\000k\000\040\000\050\0002\000\040\000m\000i\000n\000\051}{subsection.3.2.3}% 84
\BOOKMARK [3][-]{subsubsection*.81}{\376\377\000E\000x\000a\000m\000p\000l\000e\000\040\0003\000:\000\040\000C\000o\000m\000m\000u\000n\000i\000t\000y\000\040\000D\000e\000t\000e\000c\000t\000i\000o\000n\000\040\000A\000P\000I\000\040\000\050\0002\000\040\000m\000i\000n\000\051}{subsection.3.2.3}% 85
\BOOKMARK [3][-]{subsubsection*.82}{\376\377\000N\000e\000x\000t\000\040\000S\000t\000e\000p\000s}{subsection.3.2.3}% 86
\BOOKMARK [3][-]{subsubsection*.85}{\376\377\000R\000e\000l\000a\000t\000e\000d\000\040\000D\000o\000c\000u\000m\000e\000n\000t\000a\000t\000i\000o\000n}{subsection.3.2.3}% 87
\BOOKMARK [2][-]{subsection.3.2.4}{\376\377\000C\000o\000m\000m\000o\000n\000\040\000I\000s\000s\000u\000e\000s\000\040\000a\000n\000d\000\040\000T\000r\000o\000u\000b\000l\000e\000s\000h\000o\000o\000t\000i\000n\000g}{section.3.2}% 88
\BOOKMARK [3][-]{subsubsection*.86}{\376\377\000I\000n\000s\000t\000a\000l\000l\000a\000t\000i\000o\000n\000\040\000I\000s\000s\000u\000e\000s}{subsection.3.2.4}% 89
\BOOKMARK [4][-]{paragraph*.87}{\376\377\040\034\000N\000o\000\040\000m\000o\000d\000u\000l\000e\000\040\000n\000a\000m\000e\000d\000\040\040\030\000n\000u\000m\000p\000y\040\031\040\035}{subsubsection*.86}% 90
\BOOKMARK [4][-]{paragraph*.88}{\376\377\000C\000o\000m\000p\000i\000l\000a\000t\000i\000o\000n\000\040\000E\000r\000r\000o\000r\000s\000\040\000o\000n\000\040\000W\000i\000n\000d\000o\000w\000s}{subsubsection*.86}% 91
\BOOKMARK [4][-]{paragraph*.89}{\376\377\040\034\000P\000e\000r\000m\000i\000s\000s\000i\000o\000n\000\040\000d\000e\000n\000i\000e\000d\040\035\000\040\000o\000n\000\040\000L\000i\000n\000u\000x\000/\000m\000a\000c\000O\000S}{subsubsection*.86}% 92
\BOOKMARK [4][-]{paragraph*.90}{\376\377\000O\000l\000d\000\040\000V\000e\000r\000s\000i\000o\000n\000\040\000I\000n\000s\000t\000a\000l\000l\000e\000d}{subsubsection*.86}% 93
\BOOKMARK [3][-]{subsubsection*.91}{\376\377\000D\000a\000t\000a\000\040\000L\000o\000a\000d\000i\000n\000g\000\040\000I\000s\000s\000u\000e\000s}{subsection.3.2.4}% 94
\BOOKMARK [4][-]{paragraph*.92}{\376\377\000F\000i\000l\000e\000\040\000N\000o\000t\000\040\000F\000o\000u\000n\000d\000\040\000E\000r\000r\000o\000r\000s}{subsubsection*.91}% 95
\BOOKMARK [4][-]{paragraph*.93}{\376\377\000E\000m\000p\000t\000y\000\040\000o\000r\000\040\000M\000a\000l\000f\000o\000r\000m\000e\000d\000\040\000N\000e\000t\000w\000o\000r\000k\000s}{subsubsection*.91}% 96
\BOOKMARK [3][-]{subsubsection*.94}{\376\377\000V\000i\000s\000u\000a\000l\000i\000z\000a\000t\000i\000o\000n\000\040\000I\000s\000s\000u\000e\000s}{subsection.3.2.4}% 97
\BOOKMARK [4][-]{paragraph*.95}{\376\377\000V\000i\000s\000u\000a\000l\000i\000z\000a\000t\000i\000o\000n\000\040\000N\000o\000t\000\040\000S\000h\000o\000w\000i\000n\000g}{subsubsection*.94}% 98
\BOOKMARK [4][-]{paragraph*.96}{\376\377\040\034\000N\000o\000\040\000D\000i\000s\000p\000l\000a\000y\000\040\000F\000o\000u\000n\000d\040\035\000\040\000E\000r\000r\000o\000r}{subsubsection*.94}% 99
\BOOKMARK [4][-]{paragraph*.97}{\376\377\000B\000l\000u\000r\000r\000y\000\040\000o\000r\000\040\000L\000o\000w\000-\000Q\000u\000a\000l\000i\000t\000y\000\040\000P\000l\000o\000t\000s}{subsubsection*.94}% 100
\BOOKMARK [3][-]{subsubsection*.98}{\376\377\000M\000i\000s\000s\000i\000n\000g\000\040\000D\000e\000p\000e\000n\000d\000e\000n\000c\000i\000e\000s}{subsection.3.2.4}% 101
\BOOKMARK [4][-]{paragraph*.99}{\376\377\040\034\000N\000o\000\040\000m\000o\000d\000u\000l\000e\000\040\000n\000a\000m\000e\000d\000\040\040\030\000p\000l\000o\000t\000l\000y\040\031\040\035}{subsubsection*.98}% 102
\BOOKMARK [4][-]{paragraph*.100}{\376\377\040\034\000N\000o\000\040\000m\000o\000d\000u\000l\000e\000\040\000n\000a\000m\000e\000d\000\040\040\030\000i\000n\000f\000o\000m\000a\000p\040\031\040\035}{subsubsection*.98}% 103
\BOOKMARK [3][-]{subsubsection*.101}{\376\377\000P\000e\000r\000f\000o\000r\000m\000a\000n\000c\000e\000\040\000I\000s\000s\000u\000e\000s}{subsection.3.2.4}% 104
\BOOKMARK [4][-]{paragraph*.102}{\376\377\000V\000e\000r\000y\000\040\000S\000l\000o\000w\000\040\000L\000o\000a\000d\000i\000n\000g}{subsubsection*.101}% 105
\BOOKMARK [4][-]{paragraph*.103}{\376\377\000O\000u\000t\000\040\000o\000f\000\040\000M\000e\000m\000o\000r\000y\000\040\000E\000r\000r\000o\000r\000s}{subsubsection*.101}% 106
\BOOKMARK [3][-]{subsubsection*.104}{\376\377\000A\000l\000g\000o\000r\000i\000t\000h\000m\000\040\000I\000s\000s\000u\000e\000s}{subsection.3.2.4}% 107
\BOOKMARK [4][-]{paragraph*.105}{\376\377\000C\000o\000m\000m\000u\000n\000i\000t\000y\000\040\000D\000e\000t\000e\000c\000t\000i\000o\000n\000\040\000R\000e\000t\000u\000r\000n\000s\000\040\000T\000r\000i\000v\000i\000a\000l\000\040\000R\000e\000s\000u\000l\000t\000s}{subsubsection*.104}% 108
\BOOKMARK [4][-]{paragraph*.106}{\376\377\000R\000a\000n\000d\000o\000m\000\040\000W\000a\000l\000k\000\040\000o\000r\000\040\000E\000m\000b\000e\000d\000d\000i\000n\000g\000\040\000E\000r\000r\000o\000r\000s}{subsubsection*.104}% 109
\BOOKMARK [3][-]{subsubsection*.107}{\376\377\000D\000o\000c\000k\000e\000r\000\040\000I\000s\000s\000u\000e\000s}{subsection.3.2.4}% 110
\BOOKMARK [4][-]{paragraph*.108}{\376\377\000D\000o\000c\000k\000e\000r\000\040\000B\000u\000i\000l\000d\000\040\000F\000a\000i\000l\000s}{subsubsection*.107}% 111
\BOOKMARK [4][-]{paragraph*.109}{\376\377\000C\000a\000n\000n\000o\000t\000\040\000A\000c\000c\000e\000s\000s\000\040\000F\000i\000l\000e\000s\000\040\000i\000n\000\040\000D\000o\000c\000k\000e\000r}{subsubsection*.107}% 112
\BOOKMARK [3][-]{subsubsection*.110}{\376\377\000G\000e\000t\000t\000i\000n\000g\000\040\000H\000e\000l\000p}{subsection.3.2.4}% 113
\BOOKMARK [3][-]{subsubsection*.111}{\376\377\000R\000e\000l\000a\000t\000e\000d\000\040\000P\000a\000g\000e\000s}{subsection.3.2.4}% 114
\BOOKMARK [1][-]{section.3.3}{\376\377\000P\000a\000r\000t\000\040\000I\000I\000I\000:\000\040\000H\000o\000w\000-\000t\000o\000\040\000G\000u\000i\000d\000e\000s}{chapter.3}% 115
\BOOKMARK [2][-]{subsection.3.3.1}{\376\377\000H\000o\000w\000-\000t\000o\000\040\000G\000u\000i\000d\000e\000s}{section.3.3}% 116
\BOOKMARK [3][-]{subsubsection*.112}{\376\377\000N\000e\000t\000w\000o\000r\000k\000\040\000O\000p\000e\000r\000a\000t\000i\000o\000n\000s}{subsection.3.3.1}% 117
\BOOKMARK [3][-]{subsubsection*.113}{\376\377\000A\000n\000a\000l\000y\000s\000i\000s\000\040\000T\000a\000s\000k\000s}{subsection.3.3.1}% 118
\BOOKMARK [3][-]{subsubsection*.114}{\376\377\000V\000i\000s\000u\000a\000l\000i\000z\000a\000t\000i\000o\000n}{subsection.3.3.1}% 119
\BOOKMARK [3][-]{subsubsection*.115}{\376\377\000Q\000u\000e\000r\000y\000\040\000a\000n\000d\000\040\000T\000r\000a\000n\000s\000f\000o\000r\000m}{subsection.3.3.1}% 120
\BOOKMARK [3][-]{subsubsection*.116}{\376\377\000W\000o\000r\000k\000f\000l\000o\000w\000s}{subsection.3.3.1}% 121
\BOOKMARK [3][-]{subsubsection*.117}{\376\377\000R\000e\000a\000d\000i\000n\000g\000\040\000T\000h\000i\000s\000\040\000S\000e\000c\000t\000i\000o\000n}{subsection.3.3.1}% 122
\BOOKMARK [3][-]{subsubsection*.118}{\376\377\000Q\000u\000i\000c\000k\000\040\000N\000a\000v\000i\000g\000a\000t\000i\000o\000n}{subsection.3.3.1}% 123
\BOOKMARK [3][-]{subsubsection*.119}{\376\377\000R\000e\000l\000a\000t\000e\000d\000\040\000S\000e\000c\000t\000i\000o\000n\000s}{subsection.3.3.1}% 124
\BOOKMARK [2][-]{subsection.3.3.2}{\376\377\000H\000o\000w\000\040\000t\000o\000\040\000L\000o\000a\000d\000\040\000a\000n\000d\000\040\000B\000u\000i\000l\000d\000\040\000N\000e\000t\000w\000o\000r\000k\000s}{section.3.3}% 125
\BOOKMARK [3][-]{subsubsection*.120}{\376\377\000C\000r\000e\000a\000t\000i\000n\000g\000\040\000N\000e\000t\000w\000o\000r\000k\000s\000\040\000f\000r\000o\000m\000\040\000S\000c\000r\000a\000t\000c\000h}{subsection.3.3.2}% 126
\BOOKMARK [4][-]{paragraph*.121}{\376\377\000M\000e\000t\000h\000o\000d\000\040\0001\000:\000\040\000A\000d\000d\000\040\000E\000d\000g\000e\000s\000\040\000D\000i\000r\000e\000c\000t\000l\000y\000\040\000\050\000R\000e\000c\000o\000m\000m\000e\000n\000d\000e\000d\000\051}{subsubsection*.120}% 127
\BOOKMARK [4][-]{paragraph*.122}{\376\377\000M\000e\000t\000h\000o\000d\000\040\0002\000:\000\040\000A\000d\000d\000\040\000N\000o\000d\000e\000s\000\040\000F\000i\000r\000s\000t}{subsubsection*.120}% 128
\BOOKMARK [4][-]{paragraph*.123}{\376\377\000M\000e\000t\000h\000o\000d\000\040\0003\000:\000\040\000U\000s\000e\000\040\000D\000i\000c\000t\000i\000o\000n\000a\000r\000y\000\040\000F\000o\000r\000m\000a\000t}{subsubsection*.120}% 129
\BOOKMARK [3][-]{subsubsection*.124}{\376\377\000L\000o\000a\000d\000i\000n\000g\000\040\000N\000e\000t\000w\000o\000r\000k\000s\000\040\000f\000r\000o\000m\000\040\000F\000i\000l\000e\000s}{subsection.3.3.2}% 130
\BOOKMARK [4][-]{paragraph*.125}{\376\377\000L\000o\000a\000d\000\040\000E\000d\000g\000e\000\040\000L\000i\000s\000t\000s}{subsubsection*.124}% 131
\BOOKMARK [4][-]{paragraph*.126}{\376\377\000L\000o\000a\000d\000\040\000f\000r\000o\000m\000\040\000P\000a\000n\000d\000a\000s\000\040\000D\000a\000t\000a\000F\000r\000a\000m\000e}{subsubsection*.124}% 132
\BOOKMARK [4][-]{paragraph*.127}{\376\377\000L\000o\000a\000d\000\040\000f\000r\000o\000m\000\040\000J\000S\000O\000N}{subsubsection*.124}% 133
\BOOKMARK [4][-]{paragraph*.128}{\376\377\000L\000o\000a\000d\000\040\000f\000r\000o\000m\000\040\000N\000e\000t\000w\000o\000r\000k\000X}{subsubsection*.124}% 134
\BOOKMARK [4][-]{paragraph*.129}{\376\377\000L\000o\000a\000d\000i\000n\000g\000\040\000w\000i\000t\000h\000\040\000I\000n\000t\000e\000r\000-\000l\000a\000y\000e\000r\000\040\000E\000d\000g\000e\000s}{subsubsection*.124}% 135
\BOOKMARK [3][-]{subsubsection*.130}{\376\377\000C\000o\000m\000m\000o\000n\000\040\000P\000a\000t\000t\000e\000r\000n\000s}{subsection.3.3.2}% 136
\BOOKMARK [4][-]{paragraph*.131}{\376\377\000P\000a\000t\000t\000e\000r\000n\000\040\0001\000:\000\040\000S\000o\000c\000i\000a\000l\000\040\000N\000e\000t\000w\000o\000r\000k\000s}{subsubsection*.130}% 137
\BOOKMARK [4][-]{paragraph*.132}{\376\377\000P\000a\000t\000t\000e\000r\000n\000\040\0002\000:\000\040\000H\000e\000t\000e\000r\000o\000g\000e\000n\000e\000o\000u\000s\000\040\000N\000e\000t\000w\000o\000r\000k\000s}{subsubsection*.130}% 138
\BOOKMARK [4][-]{paragraph*.133}{\376\377\000P\000a\000t\000t\000e\000r\000n\000\040\0003\000:\000\040\000T\000e\000m\000p\000o\000r\000a\000l\000\040\000N\000e\000t\000w\000o\000r\000k\000s}{subsubsection*.130}% 139
\BOOKMARK [3][-]{subsubsection*.134}{\376\377\000V\000e\000r\000i\000f\000y\000i\000n\000g\000\040\000Y\000o\000u\000r\000\040\000N\000e\000t\000w\000o\000r\000k}{subsection.3.3.2}% 140
\BOOKMARK [3][-]{subsubsection*.135}{\376\377\000N\000e\000x\000t\000\040\000S\000t\000e\000p\000s}{subsection.3.3.2}% 141
\BOOKMARK [2][-]{subsection.3.3.3}{\376\377\000Q\000u\000e\000r\000y\000\040\000Z\000o\000o\000:\000\040\000D\000S\000L\000\040\000G\000a\000l\000l\000e\000r\000y\000\040\000f\000o\000r\000\040\000M\000u\000l\000t\000i\000l\000a\000y\000e\000r\000\040\000A\000n\000a\000l\000y\000s\000i\000s}{section.3.3}% 142
\BOOKMARK [3][-]{subsubsection*.207}{\376\377\000O\000v\000e\000r\000v\000i\000e\000w}{subsection.3.3.3}% 143
\BOOKMARK [3][-]{subsubsection*.208}{\376\377\0001\000.\000\040\000B\000a\000s\000i\000c\000\040\000M\000u\000l\000t\000i\000l\000a\000y\000e\000r\000\040\000E\000x\000p\000l\000o\000r\000a\000t\000i\000o\000n}{subsection.3.3.3}% 144
\BOOKMARK [4][-]{paragraph*.209}{\376\377\000Q\000u\000e\000r\000y\000\040\000C\000o\000d\000e}{subsubsection*.208}% 145
\BOOKMARK [4][-]{paragraph*.210}{\376\377\000W\000h\000y\000\040\000I\000t\040\031\000s\000\040\000I\000n\000t\000e\000r\000e\000s\000t\000i\000n\000g}{subsubsection*.208}% 146
\BOOKMARK [4][-]{paragraph*.211}{\376\377\000E\000x\000a\000m\000p\000l\000e\000\040\000O\000u\000t\000p\000u\000t}{subsubsection*.208}% 147
\BOOKMARK [4][-]{paragraph*.212}{\376\377\000D\000S\000L\000\040\000C\000o\000n\000c\000e\000p\000t\000s\000\040\000D\000e\000m\000o\000n\000s\000t\000r\000a\000t\000e\000d}{subsubsection*.208}% 148
\BOOKMARK [3][-]{subsubsection*.213}{\376\377\0002\000.\000\040\000C\000r\000o\000s\000s\000-\000L\000a\000y\000e\000r\000\040\000H\000u\000b\000s}{subsection.3.3.3}% 149
\BOOKMARK [4][-]{paragraph*.214}{\376\377\000Q\000u\000e\000r\000y\000\040\000C\000o\000d\000e}{subsubsection*.213}% 150
\BOOKMARK [4][-]{paragraph*.215}{\376\377\000W\000h\000y\000\040\000I\000t\040\031\000s\000\040\000I\000n\000t\000e\000r\000e\000s\000t\000i\000n\000g}{subsubsection*.213}% 151
\BOOKMARK [4][-]{paragraph*.216}{\376\377\000E\000x\000a\000m\000p\000l\000e\000\040\000O\000u\000t\000p\000u\000t}{subsubsection*.213}% 152
\BOOKMARK [4][-]{paragraph*.217}{\376\377\000D\000S\000L\000\040\000C\000o\000n\000c\000e\000p\000t\000s\000\040\000D\000e\000m\000o\000n\000s\000t\000r\000a\000t\000e\000d}{subsubsection*.213}% 153
\BOOKMARK [3][-]{subsubsection*.218}{\376\377\0003\000.\000\040\000L\000a\000y\000e\000r\000\040\000S\000i\000m\000i\000l\000a\000r\000i\000t\000y}{subsection.3.3.3}% 154
\BOOKMARK [4][-]{paragraph*.219}{\376\377\000Q\000u\000e\000r\000y\000\040\000C\000o\000d\000e}{subsubsection*.218}% 155
\BOOKMARK [4][-]{paragraph*.220}{\376\377\000W\000h\000y\000\040\000I\000t\040\031\000s\000\040\000I\000n\000t\000e\000r\000e\000s\000t\000i\000n\000g}{subsubsection*.218}% 156
\BOOKMARK [4][-]{paragraph*.221}{\376\377\000E\000x\000a\000m\000p\000l\000e\000\040\000O\000u\000t\000p\000u\000t}{subsubsection*.218}% 157
\BOOKMARK [4][-]{paragraph*.222}{\376\377\000D\000S\000L\000\040\000C\000o\000n\000c\000e\000p\000t\000s\000\040\000D\000e\000m\000o\000n\000s\000t\000r\000a\000t\000e\000d}{subsubsection*.218}% 158
\BOOKMARK [3][-]{subsubsection*.223}{\376\377\0004\000.\000\040\000C\000o\000m\000m\000u\000n\000i\000t\000y\000\040\000S\000t\000r\000u\000c\000t\000u\000r\000e}{subsection.3.3.3}% 159
\BOOKMARK [4][-]{paragraph*.224}{\376\377\000Q\000u\000e\000r\000y\000\040\000C\000o\000d\000e}{subsubsection*.223}% 160
\BOOKMARK [4][-]{paragraph*.225}{\376\377\000W\000h\000y\000\040\000I\000t\040\031\000s\000\040\000I\000n\000t\000e\000r\000e\000s\000t\000i\000n\000g}{subsubsection*.223}% 161
\BOOKMARK [4][-]{paragraph*.226}{\376\377\000E\000x\000a\000m\000p\000l\000e\000\040\000O\000u\000t\000p\000u\000t}{subsubsection*.223}% 162
\BOOKMARK [4][-]{paragraph*.227}{\376\377\000D\000S\000L\000\040\000C\000o\000n\000c\000e\000p\000t\000s\000\040\000D\000e\000m\000o\000n\000s\000t\000r\000a\000t\000e\000d}{subsubsection*.223}% 163
\BOOKMARK [3][-]{subsubsection*.228}{\376\377\0005\000.\000\040\000M\000u\000l\000t\000i\000p\000l\000e\000x\000\040\000P\000a\000g\000e\000R\000a\000n\000k}{subsection.3.3.3}% 164
\BOOKMARK [4][-]{paragraph*.229}{\376\377\000Q\000u\000e\000r\000y\000\040\000C\000o\000d\000e}{subsubsection*.228}% 165
\BOOKMARK [4][-]{paragraph*.230}{\376\377\000W\000h\000y\000\040\000I\000t\040\031\000s\000\040\000I\000n\000t\000e\000r\000e\000s\000t\000i\000n\000g}{subsubsection*.228}% 166
\BOOKMARK [4][-]{paragraph*.231}{\376\377\000E\000x\000a\000m\000p\000l\000e\000\040\000O\000u\000t\000p\000u\000t}{subsubsection*.228}% 167
\BOOKMARK [4][-]{paragraph*.232}{\376\377\000D\000S\000L\000\040\000C\000o\000n\000c\000e\000p\000t\000s\000\040\000D\000e\000m\000o\000n\000s\000t\000r\000a\000t\000e\000d}{subsubsection*.228}% 168
\BOOKMARK [3][-]{subsubsection*.233}{\376\377\0006\000.\000\040\000R\000o\000b\000u\000s\000t\000n\000e\000s\000s\000\040\000A\000n\000a\000l\000y\000s\000i\000s}{subsection.3.3.3}% 169
\BOOKMARK [4][-]{paragraph*.234}{\376\377\000Q\000u\000e\000r\000y\000\040\000C\000o\000d\000e}{subsubsection*.233}% 170
\BOOKMARK [4][-]{paragraph*.235}{\376\377\000W\000h\000y\000\040\000I\000t\040\031\000s\000\040\000I\000n\000t\000e\000r\000e\000s\000t\000i\000n\000g}{subsubsection*.233}% 171
\BOOKMARK [4][-]{paragraph*.236}{\376\377\000E\000x\000a\000m\000p\000l\000e\000\040\000O\000u\000t\000p\000u\000t}{subsubsection*.233}% 172
\BOOKMARK [4][-]{paragraph*.237}{\376\377\000D\000S\000L\000\040\000C\000o\000n\000c\000e\000p\000t\000s\000\040\000D\000e\000m\000o\000n\000s\000t\000r\000a\000t\000e\000d}{subsubsection*.233}% 173
\BOOKMARK [3][-]{subsubsection*.238}{\376\377\0007\000.\000\040\000A\000d\000v\000a\000n\000c\000e\000d\000\040\000C\000e\000n\000t\000r\000a\000l\000i\000t\000y\000\040\000C\000o\000m\000p\000a\000r\000i\000s\000o\000n}{subsection.3.3.3}% 174
\BOOKMARK [4][-]{paragraph*.239}{\376\377\000Q\000u\000e\000r\000y\000\040\000C\000o\000d\000e}{subsubsection*.238}% 175
\BOOKMARK [4][-]{paragraph*.240}{\376\377\000W\000h\000y\000\040\000I\000t\040\031\000s\000\040\000I\000n\000t\000e\000r\000e\000s\000t\000i\000n\000g}{subsubsection*.238}% 176
\BOOKMARK [4][-]{paragraph*.241}{\376\377\000E\000x\000a\000m\000p\000l\000e\000\040\000O\000u\000t\000p\000u\000t}{subsubsection*.238}% 177
\BOOKMARK [4][-]{paragraph*.242}{\376\377\000D\000S\000L\000\040\000C\000o\000n\000c\000e\000p\000t\000s\000\040\000D\000e\000m\000o\000n\000s\000t\000r\000a\000t\000e\000d}{subsubsection*.238}% 178
\BOOKMARK [3][-]{subsubsection*.243}{\376\377\0008\000.\000\040\000E\000d\000g\000e\000\040\000G\000r\000o\000u\000p\000i\000n\000g\000\040\000a\000n\000d\000\040\000C\000o\000v\000e\000r\000a\000g\000e}{subsection.3.3.3}% 179
\BOOKMARK [4][-]{paragraph*.244}{\376\377\000Q\000u\000e\000r\000y\000\040\000C\000o\000d\000e}{subsubsection*.243}% 180
\BOOKMARK [4][-]{paragraph*.245}{\376\377\000W\000h\000y\000\040\000I\000t\040\031\000s\000\040\000I\000n\000t\000e\000r\000e\000s\000t\000i\000n\000g}{subsubsection*.243}% 181
\BOOKMARK [4][-]{paragraph*.246}{\376\377\000E\000x\000a\000m\000p\000l\000e\000\040\000O\000u\000t\000p\000u\000t}{subsubsection*.243}% 182
\BOOKMARK [4][-]{paragraph*.247}{\376\377\000D\000S\000L\000\040\000C\000o\000n\000c\000e\000p\000t\000s\000\040\000D\000e\000m\000o\000n\000s\000t\000r\000a\000t\000e\000d}{subsubsection*.243}% 183
\BOOKMARK [3][-]{subsubsection*.248}{\376\377\0009\000.\000\040\000L\000a\000y\000e\000r\000\040\000A\000l\000g\000e\000b\000r\000a\000\040\000F\000i\000l\000t\000e\000r\000i\000n\000g}{subsection.3.3.3}% 184
\BOOKMARK [4][-]{paragraph*.249}{\376\377\000Q\000u\000e\000r\000y\000\040\000C\000o\000d\000e}{subsubsection*.248}% 185
\BOOKMARK [4][-]{paragraph*.250}{\376\377\000W\000h\000y\000\040\000I\000t\040\031\000s\000\040\000I\000n\000t\000e\000r\000e\000s\000t\000i\000n\000g}{subsubsection*.248}% 186
\BOOKMARK [4][-]{paragraph*.251}{\376\377\000E\000x\000a\000m\000p\000l\000e\000\040\000O\000u\000t\000p\000u\000t}{subsubsection*.248}% 187
\BOOKMARK [4][-]{paragraph*.252}{\376\377\000D\000S\000L\000\040\000C\000o\000n\000c\000e\000p\000t\000s\000\040\000D\000e\000m\000o\000n\000s\000t\000r\000a\000t\000e\000d}{subsubsection*.248}% 188
\BOOKMARK [3][-]{subsubsection*.253}{\376\377\0001\0000\000.\000\040\000C\000r\000o\000s\000s\000-\000L\000a\000y\000e\000r\000\040\000P\000a\000t\000h\000s\000\040\000w\000i\000t\000h\000\040\000A\000l\000g\000e\000b\000r\000a}{subsection.3.3.3}% 189
\BOOKMARK [4][-]{paragraph*.254}{\376\377\000Q\000u\000e\000r\000y\000\040\000C\000o\000d\000e}{subsubsection*.253}% 190
\BOOKMARK [4][-]{paragraph*.255}{\376\377\000W\000h\000y\000\040\000I\000t\040\031\000s\000\040\000I\000n\000t\000e\000r\000e\000s\000t\000i\000n\000g}{subsubsection*.253}% 191
\BOOKMARK [4][-]{paragraph*.256}{\376\377\000E\000x\000a\000m\000p\000l\000e\000\040\000O\000u\000t\000p\000u\000t}{subsubsection*.253}% 192
\BOOKMARK [4][-]{paragraph*.257}{\376\377\000D\000S\000L\000\040\000C\000o\000n\000c\000e\000p\000t\000s\000\040\000D\000e\000m\000o\000n\000s\000t\000r\000a\000t\000e\000d}{subsubsection*.253}% 193
\BOOKMARK [3][-]{subsubsection*.258}{\376\377\0001\0001\000.\000\040\000N\000u\000l\000l\000\040\000M\000o\000d\000e\000l\000\040\000C\000o\000m\000p\000a\000r\000i\000s\000o\000n}{subsection.3.3.3}% 194
\BOOKMARK [4][-]{paragraph*.259}{\376\377\000Q\000u\000e\000r\000y\000\040\000C\000o\000d\000e}{subsubsection*.258}% 195
\BOOKMARK [4][-]{paragraph*.260}{\376\377\000W\000h\000y\000\040\000I\000t\040\031\000s\000\040\000I\000n\000t\000e\000r\000e\000s\000t\000i\000n\000g}{subsubsection*.258}% 196
\BOOKMARK [4][-]{paragraph*.261}{\376\377\000E\000x\000a\000m\000p\000l\000e\000\040\000O\000u\000t\000p\000u\000t}{subsubsection*.258}% 197
\BOOKMARK [4][-]{paragraph*.262}{\376\377\000D\000S\000L\000\040\000C\000o\000n\000c\000e\000p\000t\000s\000\040\000D\000e\000m\000o\000n\000s\000t\000r\000a\000t\000e\000d}{subsubsection*.258}% 198
\BOOKMARK [3][-]{subsubsection*.263}{\376\377\0001\0002\000.\000\040\000B\000o\000o\000t\000s\000t\000r\000a\000p\000\040\000C\000o\000n\000f\000i\000d\000e\000n\000c\000e\000\040\000I\000n\000t\000e\000r\000v\000a\000l\000s}{subsection.3.3.3}% 199
\BOOKMARK [4][-]{paragraph*.264}{\376\377\000Q\000u\000e\000r\000y\000\040\000C\000o\000d\000e}{subsubsection*.263}% 200
\BOOKMARK [4][-]{paragraph*.265}{\376\377\000W\000h\000y\000\040\000I\000t\040\031\000s\000\040\000I\000n\000t\000e\000r\000e\000s\000t\000i\000n\000g}{subsubsection*.263}% 201
\BOOKMARK [4][-]{paragraph*.266}{\376\377\000E\000x\000a\000m\000p\000l\000e\000\040\000O\000u\000t\000p\000u\000t}{subsubsection*.263}% 202
\BOOKMARK [4][-]{paragraph*.267}{\376\377\000D\000S\000L\000\040\000C\000o\000n\000c\000e\000p\000t\000s\000\040\000D\000e\000m\000o\000n\000s\000t\000r\000a\000t\000e\000d}{subsubsection*.263}% 203
\BOOKMARK [3][-]{subsubsection*.268}{\376\377\0001\0003\000.\000\040\000U\000n\000c\000e\000r\000t\000a\000i\000n\000t\000y\000-\000A\000w\000a\000r\000e\000\040\000R\000a\000n\000k\000i\000n\000g}{subsection.3.3.3}% 204
\BOOKMARK [4][-]{paragraph*.269}{\376\377\000Q\000u\000e\000r\000y\000\040\000C\000o\000d\000e}{subsubsection*.268}% 205
\BOOKMARK [4][-]{paragraph*.270}{\376\377\000W\000h\000y\000\040\000I\000t\040\031\000s\000\040\000I\000n\000t\000e\000r\000e\000s\000t\000i\000n\000g}{subsubsection*.268}% 206
\BOOKMARK [4][-]{paragraph*.271}{\376\377\000E\000x\000a\000m\000p\000l\000e\000\040\000O\000u\000t\000p\000u\000t}{subsubsection*.268}% 207
\BOOKMARK [4][-]{paragraph*.272}{\376\377\000D\000S\000L\000\040\000C\000o\000n\000c\000e\000p\000t\000s\000\040\000D\000e\000m\000o\000n\000s\000t\000r\000a\000t\000e\000d}{subsubsection*.268}% 208
\BOOKMARK [3][-]{subsubsection*.273}{\376\377\000U\000s\000i\000n\000g\000\040\000t\000h\000e\000\040\000Q\000u\000e\000r\000y\000\040\000Z\000o\000o}{subsection.3.3.3}% 209
\BOOKMARK [4][-]{paragraph*.274}{\376\377\000G\000e\000t\000t\000i\000n\000g\000\040\000S\000t\000a\000r\000t\000e\000d}{subsubsection*.273}% 210
\BOOKMARK [4][-]{paragraph*.275}{\376\377\000A\000d\000a\000p\000t\000i\000n\000g\000\040\000Q\000u\000e\000r\000i\000e\000s\000\040\000t\000o\000\040\000Y\000o\000u\000r\000\040\000D\000a\000t\000a}{subsubsection*.273}% 211
\BOOKMARK [4][-]{paragraph*.276}{\376\377\000D\000a\000t\000a\000s\000e\000t\000s}{subsubsection*.273}% 212
\BOOKMARK [3][-]{subsubsection*.277}{\376\377\000F\000u\000r\000t\000h\000e\000r\000\040\000R\000e\000a\000d\000i\000n\000g}{subsection.3.3.3}% 213
\BOOKMARK [2][-]{subsection.3.3.4}{\376\377\000H\000o\000w\000\040\000t\000o\000\040\000C\000o\000m\000p\000u\000t\000e\000\040\000N\000e\000t\000w\000o\000r\000k\000\040\000S\000t\000a\000t\000i\000s\000t\000i\000c\000s}{section.3.3}% 214
\BOOKMARK [3][-]{subsubsection*.278}{\376\377\000Q\000u\000i\000c\000k\000\040\000S\000t\000a\000t\000i\000s\000t\000i\000c\000s}{subsection.3.3.4}% 215
\BOOKMARK [3][-]{subsubsection*.279}{\376\377\000L\000a\000y\000e\000r\000-\000S\000p\000e\000c\000i\000f\000i\000c\000\040\000S\000t\000a\000t\000i\000s\000t\000i\000c\000s}{subsection.3.3.4}% 216
\BOOKMARK [4][-]{paragraph*.280}{\376\377\000C\000o\000m\000p\000u\000t\000e\000\040\000P\000e\000r\000-\000L\000a\000y\000e\000r\000\040\000D\000e\000n\000s\000i\000t\000y}{subsubsection*.279}% 217
\BOOKMARK [4][-]{paragraph*.281}{\376\377\000C\000o\000m\000p\000a\000r\000e\000\040\000L\000a\000y\000e\000r\000s}{subsubsection*.279}% 218
\BOOKMARK [3][-]{subsubsection*.282}{\376\377\000N\000o\000d\000e\000-\000L\000e\000v\000e\000l\000\040\000S\000t\000a\000t\000i\000s\000t\000i\000c\000s}{subsection.3.3.4}% 219
\BOOKMARK [4][-]{paragraph*.283}{\376\377\000N\000o\000d\000e\000\040\000A\000c\000t\000i\000v\000i\000t\000y\000\040\000\050\000L\000a\000y\000e\000r\000\040\000C\000o\000u\000n\000t\000\051}{subsubsection*.282}% 220
\BOOKMARK [4][-]{paragraph*.284}{\376\377\000D\000e\000g\000r\000e\000e\000\040\000C\000e\000n\000t\000r\000a\000l\000i\000t\000y}{subsubsection*.282}% 221
\BOOKMARK [4][-]{paragraph*.285}{\376\377\000B\000e\000t\000w\000e\000e\000n\000n\000e\000s\000s\000\040\000C\000e\000n\000t\000r\000a\000l\000i\000t\000y}{subsubsection*.282}% 222
\BOOKMARK [4][-]{paragraph*.286}{\376\377\000M\000u\000l\000t\000i\000p\000l\000e\000\040\000M\000e\000t\000r\000i\000c\000s\000\040\000a\000t\000\040\000O\000n\000c\000e}{subsubsection*.282}% 223
\BOOKMARK [3][-]{subsubsection*.287}{\376\377\000M\000u\000l\000t\000i\000l\000a\000y\000e\000r\000-\000S\000p\000e\000c\000i\000f\000i\000c\000\040\000S\000t\000a\000t\000i\000s\000t\000i\000c\000s}{subsection.3.3.4}% 224
\BOOKMARK [4][-]{paragraph*.288}{\376\377\000N\000o\000d\000e\000\040\000V\000e\000r\000s\000a\000t\000i\000l\000i\000t\000y}{subsubsection*.287}% 225
\BOOKMARK [4][-]{paragraph*.289}{\376\377\000E\000d\000g\000e\000\040\000O\000v\000e\000r\000l\000a\000p\000\040\000B\000e\000t\000w\000e\000e\000n\000\040\000L\000a\000y\000e\000r\000s}{subsubsection*.287}% 226
\BOOKMARK [4][-]{paragraph*.290}{\376\377\000I\000n\000t\000e\000r\000-\000L\000a\000y\000e\000r\000\040\000D\000e\000g\000r\000e\000e\000\040\000C\000o\000r\000r\000e\000l\000a\000t\000i\000o\000n}{subsubsection*.287}% 227
\BOOKMARK [3][-]{subsubsection*.291}{\376\377\000N\000e\000t\000w\000o\000r\000k\000-\000W\000i\000d\000e\000\040\000S\000t\000a\000t\000i\000s\000t\000i\000c\000s}{subsection.3.3.4}% 228
\BOOKMARK [4][-]{paragraph*.292}{\376\377\000G\000l\000o\000b\000a\000l\000\040\000C\000l\000u\000s\000t\000e\000r\000i\000n\000g\000\040\000C\000o\000e\000f\000f\000i\000c\000i\000e\000n\000t}{subsubsection*.291}% 229
\BOOKMARK [4][-]{paragraph*.293}{\376\377\000A\000v\000e\000r\000a\000g\000e\000\040\000P\000a\000t\000h\000\040\000L\000e\000n\000g\000t\000h}{subsubsection*.291}% 230
\BOOKMARK [3][-]{subsubsection*.294}{\376\377\000E\000x\000p\000o\000r\000t\000i\000n\000g\000\040\000S\000t\000a\000t\000i\000s\000t\000i\000c\000s}{subsection.3.3.4}% 231
\BOOKMARK [4][-]{paragraph*.295}{\376\377\000S\000a\000v\000e\000\040\000t\000o\000\040\000C\000S\000V}{subsubsection*.294}% 232
\BOOKMARK [4][-]{paragraph*.296}{\376\377\000S\000a\000v\000e\000\040\000t\000o\000\040\000J\000S\000O\000N}{subsubsection*.294}% 233
\BOOKMARK [3][-]{subsubsection*.297}{\376\377\000C\000o\000m\000m\000o\000n\000\040\000P\000a\000t\000t\000e\000r\000n\000s}{subsection.3.3.4}% 234
\BOOKMARK [4][-]{paragraph*.298}{\376\377\000P\000a\000t\000t\000e\000r\000n\000:\000\040\000C\000o\000m\000p\000a\000r\000e\000\040\000N\000o\000d\000e\000\040\000I\000m\000p\000o\000r\000t\000a\000n\000c\000e\000\040\000A\000c\000r\000o\000s\000s\000\040\000L\000a\000y\000e\000r\000s}{subsubsection*.297}% 235
\BOOKMARK [4][-]{paragraph*.299}{\376\377\000P\000a\000t\000t\000e\000r\000n\000:\000\040\000I\000d\000e\000n\000t\000i\000f\000y\000\040\000L\000a\000y\000e\000r\000-\000S\000p\000e\000c\000i\000f\000i\000c\000\040\000H\000u\000b\000s}{subsubsection*.297}% 236
\BOOKMARK [3][-]{subsubsection*.300}{\376\377\000N\000e\000x\000t\000\040\000S\000t\000e\000p\000s}{subsection.3.3.4}% 237
\BOOKMARK [2][-]{subsection.3.3.5}{\376\377\000H\000o\000w\000\040\000t\000o\000\040\000R\000u\000n\000\040\000C\000o\000m\000m\000u\000n\000i\000t\000y\000\040\000D\000e\000t\000e\000c\000t\000i\000o\000n\000\040\000o\000n\000\040\000M\000u\000l\000t\000i\000l\000a\000y\000e\000r\000\040\000N\000e\000t\000w\000o\000r\000k\000s}{section.3.3}% 238
\BOOKMARK [3][-]{subsubsection*.303}{\376\377\000Q\000u\000i\000c\000k\000\040\000S\000t\000a\000r\000t\000:\000\040\000L\000o\000u\000v\000a\000i\000n\000\040\000A\000l\000g\000o\000r\000i\000t\000h\000m}{subsection.3.3.5}% 239
\BOOKMARK [3][-]{subsubsection*.304}{\376\377\000M\000u\000l\000t\000i\000l\000a\000y\000e\000r\000-\000S\000p\000e\000c\000i\000f\000i\000c\000:\000\040\000M\000u\000l\000t\000i\000l\000a\000y\000e\000r\000\040\000L\000o\000u\000v\000a\000i\000n}{subsection.3.3.5}% 240
\BOOKMARK [3][-]{subsubsection*.305}{\376\377\000I\000n\000f\000o\000m\000a\000p\000\040\000A\000l\000g\000o\000r\000i\000t\000h\000m}{subsection.3.3.5}% 241
\BOOKMARK [3][-]{subsubsection*.306}{\376\377\000L\000a\000b\000e\000l\000\040\000P\000r\000o\000p\000a\000g\000a\000t\000i\000o\000n}{subsection.3.3.5}% 242
\BOOKMARK [3][-]{subsubsection*.307}{\376\377\000A\000n\000a\000l\000y\000z\000i\000n\000g\000\040\000C\000o\000m\000m\000u\000n\000i\000t\000y\000\040\000S\000t\000r\000u\000c\000t\000u\000r\000e}{subsection.3.3.5}% 243
\BOOKMARK [4][-]{paragraph*.308}{\376\377\000C\000o\000u\000n\000t\000\040\000N\000o\000d\000e\000s\000\040\000P\000e\000r\000\040\000C\000o\000m\000m\000u\000n\000i\000t\000y}{subsubsection*.307}% 244
\BOOKMARK [4][-]{paragraph*.309}{\376\377\000V\000i\000s\000u\000a\000l\000i\000z\000e\000\040\000C\000o\000m\000m\000u\000n\000i\000t\000i\000e\000s}{subsubsection*.307}% 245
\BOOKMARK [4][-]{paragraph*.310}{\376\377\000E\000x\000p\000o\000r\000t\000\040\000C\000o\000m\000m\000u\000n\000i\000t\000i\000e\000s}{subsubsection*.307}% 246
\BOOKMARK [3][-]{subsubsection*.311}{\376\377\000Q\000u\000e\000r\000y\000\040\000C\000o\000m\000m\000u\000n\000i\000t\000i\000e\000s\000\040\000w\000i\000t\000h\000\040\000D\000S\000L}{subsection.3.3.5}% 247
\BOOKMARK [4][-]{paragraph*.312}{\376\377\000D\000S\000L\000\040\000B\000a\000s\000i\000c\000s\000\040\000f\000o\000r\000\040\000C\000o\000m\000m\000u\000n\000i\000t\000i\000e\000s}{subsubsection*.311}% 248
\BOOKMARK [4][-]{paragraph*.313}{\376\377\000C\000o\000m\000m\000u\000n\000i\000t\000y\000-\000L\000e\000v\000e\000l\000\040\000Q\000u\000e\000r\000i\000e\000s}{subsubsection*.311}% 249
\BOOKMARK [4][-]{paragraph*.314}{\376\377\000L\000a\000y\000e\000r\000-\000S\000p\000e\000c\000i\000f\000i\000c\000\040\000C\000o\000m\000m\000u\000n\000i\000t\000y\000\040\000Q\000u\000e\000r\000i\000e\000s}{subsubsection*.311}% 250
\BOOKMARK [4][-]{paragraph*.315}{\376\377\000E\000x\000t\000r\000a\000c\000t\000\040\000C\000o\000m\000m\000u\000n\000i\000t\000y\000\040\000S\000u\000b\000n\000e\000t\000w\000o\000r\000k\000s}{subsubsection*.311}% 251
\BOOKMARK [4][-]{paragraph*.316}{\376\377\000C\000o\000m\000p\000u\000t\000e\000\040\000C\000o\000m\000m\000u\000n\000i\000t\000y\000-\000L\000e\000v\000e\000l\000\040\000S\000t\000a\000t\000i\000s\000t\000i\000c\000s}{subsubsection*.311}% 252
\BOOKMARK [4][-]{paragraph*.317}{\376\377\000C\000o\000m\000p\000l\000e\000x\000\040\000D\000S\000L\000\040\000W\000o\000r\000k\000f\000l\000o\000w\000s}{subsubsection*.311}% 253
\BOOKMARK [3][-]{subsubsection*.318}{\376\377\000C\000o\000m\000p\000a\000r\000e\000\040\000A\000l\000g\000o\000r\000i\000t\000h\000m\000s}{subsection.3.3.5}% 254
\BOOKMARK [3][-]{subsubsection*.319}{\376\377\000L\000a\000y\000e\000r\000-\000S\000p\000e\000c\000i\000f\000i\000c\000\040\000C\000o\000m\000m\000u\000n\000i\000t\000i\000e\000s}{subsection.3.3.5}% 255
\BOOKMARK [3][-]{subsubsection*.320}{\376\377\000C\000r\000o\000s\000s\000-\000L\000a\000y\000e\000r\000\040\000C\000o\000m\000m\000u\000n\000i\000t\000y\000\040\000A\000n\000a\000l\000y\000s\000i\000s}{subsection.3.3.5}% 256
\BOOKMARK [3][-]{subsubsection*.321}{\376\377\000Q\000u\000a\000l\000i\000t\000y\000\040\000M\000e\000t\000r\000i\000c\000s}{subsection.3.3.5}% 257
\BOOKMARK [4][-]{paragraph*.322}{\376\377\000C\000o\000m\000p\000u\000t\000e\000\040\000M\000o\000d\000u\000l\000a\000r\000i\000t\000y}{subsubsection*.321}% 258
\BOOKMARK [4][-]{paragraph*.323}{\376\377\000A\000d\000d\000i\000t\000i\000o\000n\000a\000l\000\040\000Q\000u\000a\000l\000i\000t\000y\000\040\000M\000e\000t\000r\000i\000c\000s}{subsubsection*.321}% 259
\BOOKMARK [4][-]{paragraph*.324}{\376\377\000M\000u\000l\000t\000i\000l\000a\000y\000e\000r\000\040\000Q\000u\000a\000l\000i\000t\000y\000\040\000M\000e\000t\000r\000i\000c\000s\000\040\000\050\000G\000u\000a\000r\000d\000r\000a\000i\000l\000s\000\051}{subsubsection*.321}% 260
\BOOKMARK [3][-]{subsubsection*.325}{\376\377\000C\000L\000I\000\040\000C\000r\000o\000s\000s\000-\000R\000e\000f\000e\000r\000e\000n\000c\000e\000\040\000\050\000O\000p\000t\000i\000o\000n\000a\000l\000\051}{subsection.3.3.5}% 261
\BOOKMARK [3][-]{subsubsection*.326}{\376\377\000N\000e\000x\000t\000\040\000S\000t\000e\000p\000s}{subsection.3.3.5}% 262
\BOOKMARK [3][-]{subsubsection*.327}{\376\377\000A\000u\000t\000o\000m\000a\000t\000i\000c\000\040\000A\000l\000g\000o\000r\000i\000t\000h\000m\000\040\000S\000e\000l\000e\000c\000t\000i\000o\000n\000\040\000\050\000A\000u\000t\000o\000C\000o\000m\000m\000u\000n\000i\000t\000y\000\051}{subsection.3.3.5}% 263
\BOOKMARK [3][-]{subsubsection*.328}{\376\377\000H\000i\000e\000r\000a\000r\000c\000h\000i\000c\000a\000l\000\040\000F\000l\000o\000w\000-\000B\000a\000s\000e\000d\000\040\000C\000o\000m\000m\000u\000n\000i\000t\000y\000\040\000D\000e\000t\000e\000c\000t\000i\000o\000n}{subsection.3.3.5}% 264
\BOOKMARK [2][-]{subsection.3.3.6}{\376\377\000H\000o\000w\000\040\000t\000o\000\040\000S\000i\000m\000u\000l\000a\000t\000e\000\040\000M\000u\000l\000t\000i\000l\000a\000y\000e\000r\000\040\000D\000y\000n\000a\000m\000i\000c\000s}{section.3.3}% 265
\BOOKMARK [3][-]{subsubsection*.332}{\376\377\000O\000v\000e\000r\000v\000i\000e\000w}{subsection.3.3.6}% 266
\BOOKMARK [3][-]{subsubsection*.333}{\376\377\000C\000o\000m\000m\000o\000n\000\040\000C\000o\000n\000c\000e\000p\000t\000s\000\040\000\046\000\040\000A\000P\000I}{subsection.3.3.6}% 267
\BOOKMARK [4][-]{paragraph*.334}{\376\377\000N\000o\000d\000e\000\040\000a\000n\000d\000\040\000L\000a\000y\000e\000r\000\040\000R\000e\000p\000r\000e\000s\000e\000n\000t\000a\000t\000i\000o\000n}{subsubsection*.333}% 268
\BOOKMARK [4][-]{paragraph*.335}{\376\377\000T\000i\000m\000e\000\040\000a\000n\000d\000\040\000S\000y\000n\000c\000h\000r\000o\000n\000y}{subsubsection*.333}% 269
\BOOKMARK [4][-]{paragraph*.336}{\376\377\000R\000a\000n\000d\000o\000m\000n\000e\000s\000s\000\040\000\046\000\040\000R\000e\000p\000r\000o\000d\000u\000c\000i\000b\000i\000l\000i\000t\000y}{subsubsection*.333}% 270
\BOOKMARK [4][-]{paragraph*.337}{\376\377\000N\000e\000t\000w\000o\000r\000k\000\040\000R\000e\000q\000u\000i\000r\000e\000m\000e\000n\000t\000s}{subsubsection*.333}% 271
\BOOKMARK [4][-]{paragraph*.338}{\376\377\000C\000o\000m\000m\000o\000n\000\040\000B\000a\000s\000e\000\040\000I\000n\000t\000e\000r\000f\000a\000c\000e}{subsubsection*.333}% 272
\BOOKMARK [3][-]{subsubsection*.339}{\376\377\000S\000I\000R\000\040\000E\000p\000i\000d\000e\000m\000i\000c\000\040\000M\000o\000d\000e\000l\000\040\000o\000n\000\040\000M\000u\000l\000t\000i\000l\000a\000y\000e\000r\000\040\000N\000e\000t\000w\000o\000r\000k\000s}{subsection.3.3.6}% 273
\BOOKMARK [4][-]{paragraph*.340}{\376\377\000F\000o\000r\000m\000a\000l\000\040\000D\000e\000s\000c\000r\000i\000p\000t\000i\000o\000n}{subsubsection*.339}% 274
\BOOKMARK [4][-]{paragraph*.341}{\376\377\000C\000o\000d\000e\000\040\000E\000x\000a\000m\000p\000l\000e}{subsubsection*.339}% 275
\BOOKMARK [4][-]{paragraph*.342}{\376\377\000T\000i\000m\000e\000\040\000S\000e\000r\000i\000e\000s\000\040\000V\000i\000s\000u\000a\000l\000i\000z\000a\000t\000i\000o\000n}{subsubsection*.339}% 276
\BOOKMARK [3][-]{subsubsection*.343}{\376\377\000S\000I\000S\000\040\000E\000p\000i\000d\000e\000m\000i\000c\000\040\000M\000o\000d\000e\000l\000\040\000o\000n\000\040\000M\000u\000l\000t\000i\000l\000a\000y\000e\000r\000\040\000N\000e\000t\000w\000o\000r\000k\000s}{subsection.3.3.6}% 277
\BOOKMARK [4][-]{paragraph*.344}{\376\377\000F\000o\000r\000m\000a\000l\000\040\000D\000e\000s\000c\000r\000i\000p\000t\000i\000o\000n}{subsubsection*.343}% 278
\BOOKMARK [4][-]{paragraph*.345}{\376\377\000C\000o\000d\000e\000\040\000E\000x\000a\000m\000p\000l\000e}{subsubsection*.343}% 279
\BOOKMARK [4][-]{paragraph*.346}{\376\377\000C\000o\000m\000p\000a\000r\000i\000s\000o\000n\000\040\000w\000i\000t\000h\000\040\000S\000I\000R}{subsubsection*.343}% 280
\BOOKMARK [3][-]{subsubsection*.347}{\376\377\000R\000a\000n\000d\000o\000m\000\040\000W\000a\000l\000k\000\040\000D\000y\000n\000a\000m\000i\000c\000s}{subsection.3.3.6}% 281
\BOOKMARK [4][-]{paragraph*.348}{\376\377\000F\000o\000r\000m\000a\000l\000\040\000D\000e\000s\000c\000r\000i\000p\000t\000i\000o\000n}{subsubsection*.347}% 282
\BOOKMARK [4][-]{paragraph*.349}{\376\377\000C\000o\000d\000e\000\040\000E\000x\000a\000m\000p\000l\000e}{subsubsection*.347}% 283
\BOOKMARK [4][-]{paragraph*.350}{\376\377\000A\000n\000a\000l\000y\000z\000i\000n\000g\000\040\000L\000a\000y\000e\000r\000\040\000S\000w\000i\000t\000c\000h\000i\000n\000g}{subsubsection*.347}% 284
\BOOKMARK [3][-]{subsubsection*.351}{\376\377\000L\000a\000y\000e\000r\000-\000S\000p\000e\000c\000i\000f\000i\000c\000\040\000a\000n\000d\000\040\000T\000i\000m\000e\000-\000V\000a\000r\000y\000i\000n\000g\000\040\000P\000a\000r\000a\000m\000e\000t\000e\000r\000s}{subsection.3.3.6}% 285
\BOOKMARK [4][-]{paragraph*.352}{\376\377\000L\000a\000y\000e\000r\000-\000S\000p\000e\000c\000i\000f\000i\000c\000\040\000T\000r\000a\000n\000s\000m\000i\000s\000s\000i\000o\000n\000\040\000R\000a\000t\000e\000s}{subsubsection*.351}% 286
\BOOKMARK [4][-]{paragraph*.353}{\376\377\000T\000i\000m\000e\000-\000V\000a\000r\000y\000i\000n\000g\000\040\000P\000a\000r\000a\000m\000e\000t\000e\000r\000s\000\040\000\050\000I\000n\000t\000e\000r\000v\000e\000n\000t\000i\000o\000n\000\040\000S\000c\000e\000n\000a\000r\000i\000o\000s\000\051}{subsubsection*.351}% 287
\BOOKMARK [3][-]{subsubsection*.354}{\376\377\000R\000e\000s\000u\000l\000t\000\040\000O\000b\000j\000e\000c\000t\000s\000\040\000a\000n\000d\000\040\000M\000e\000t\000r\000i\000c\000s}{subsection.3.3.6}% 288
\BOOKMARK [4][-]{paragraph*.355}{\376\377\000D\000y\000n\000a\000m\000i\000c\000s\000R\000e\000s\000u\000l\000t\000\040\000A\000P\000I}{subsubsection*.354}% 289
\BOOKMARK [4][-]{paragraph*.356}{\376\377\000C\000o\000m\000m\000o\000n\000\040\000M\000e\000a\000s\000u\000r\000e\000s}{subsubsection*.354}% 290
\BOOKMARK [4][-]{paragraph*.357}{\376\377\000E\000x\000t\000r\000a\000c\000t\000i\000n\000g\000\040\000a\000n\000d\000\040\000A\000n\000a\000l\000y\000z\000i\000n\000g\000\040\000M\000e\000a\000s\000u\000r\000e\000s}{subsubsection*.354}% 291
\BOOKMARK [4][-]{paragraph*.358}{\376\377\000C\000o\000n\000v\000e\000r\000t\000i\000n\000g\000\040\000t\000o\000\040\000p\000a\000n\000d\000a\000s\000\040\000D\000a\000t\000a\000F\000r\000a\000m\000e}{subsubsection*.354}% 292
\BOOKMARK [3][-]{subsubsection*.359}{\376\377\000R\000e\000p\000r\000o\000d\000u\000c\000i\000b\000l\000e\000\040\000E\000x\000p\000e\000r\000i\000m\000e\000n\000t\000s\000\040\000\046\000\040\000P\000a\000r\000a\000m\000e\000t\000e\000r\000\040\000S\000w\000e\000e\000p\000s}{subsection.3.3.6}% 293
\BOOKMARK [4][-]{paragraph*.360}{\376\377\000R\000u\000n\000n\000i\000n\000g\000\040\000M\000u\000l\000t\000i\000p\000l\000e\000\040\000S\000t\000o\000c\000h\000a\000s\000t\000i\000c\000\040\000R\000e\000a\000l\000i\000z\000a\000t\000i\000o\000n\000s}{subsubsection*.359}% 294
\BOOKMARK [4][-]{paragraph*.361}{\376\377\000P\000a\000r\000a\000m\000e\000t\000e\000r\000\040\000G\000r\000i\000d\000\040\000S\000w\000e\000e\000p}{subsubsection*.359}% 295
\BOOKMARK [3][-]{subsubsection*.362}{\376\377\000C\000u\000s\000t\000o\000m\000\040\000D\000y\000n\000a\000m\000i\000c\000s}{subsection.3.3.6}% 296
\BOOKMARK [4][-]{paragraph*.363}{\376\377\000E\000x\000t\000e\000n\000d\000i\000n\000g\000\040\000B\000a\000s\000e\000D\000y\000n\000a\000m\000i\000c\000s}{subsubsection*.362}% 297
\BOOKMARK [4][-]{paragraph*.364}{\376\377\000E\000x\000a\000m\000p\000l\000e\000:\000\040\000T\000h\000r\000e\000s\000h\000o\000l\000d\000\040\000M\000o\000d\000e\000l}{subsubsection*.362}% 298
\BOOKMARK [4][-]{paragraph*.365}{\376\377\000A\000d\000d\000i\000n\000g\000\040\000C\000u\000s\000t\000o\000m\000\040\000M\000e\000a\000s\000u\000r\000e\000s}{subsubsection*.362}% 299
\BOOKMARK [3][-]{subsubsection*.366}{\376\377\000Q\000u\000e\000r\000y\000\040\000D\000y\000n\000a\000m\000i\000c\000s\000\040\000R\000e\000s\000u\000l\000t\000s\000\040\000w\000i\000t\000h\000\040\000D\000S\000L}{subsection.3.3.6}% 300
\BOOKMARK [4][-]{paragraph*.367}{\376\377\000A\000t\000t\000a\000c\000h\000i\000n\000g\000\040\000D\000y\000n\000a\000m\000i\000c\000s\000\040\000S\000t\000a\000t\000e\000\040\000a\000s\000\040\000N\000o\000d\000e\000\040\000A\000t\000t\000r\000i\000b\000u\000t\000e\000s}{subsubsection*.366}% 301
\BOOKMARK [4][-]{paragraph*.368}{\376\377\000Q\000u\000e\000r\000y\000\040\000I\000n\000f\000e\000c\000t\000e\000d\000\040\000N\000o\000d\000e\000s}{subsubsection*.366}% 302
\BOOKMARK [4][-]{paragraph*.369}{\376\377\000L\000a\000y\000e\000r\000-\000S\000p\000e\000c\000i\000f\000i\000c\000\040\000D\000y\000n\000a\000m\000i\000c\000s\000\040\000Q\000u\000e\000r\000i\000e\000s}{subsubsection*.366}% 303
\BOOKMARK [4][-]{paragraph*.370}{\376\377\000T\000e\000m\000p\000o\000r\000a\000l\000\040\000Q\000u\000e\000r\000i\000e\000s\000\040\000A\000c\000r\000o\000s\000s\000\040\000S\000i\000m\000u\000l\000a\000t\000i\000o\000n\000\040\000S\000t\000e\000p\000s}{subsubsection*.366}% 304
\BOOKMARK [4][-]{paragraph*.371}{\376\377\000E\000x\000t\000r\000a\000c\000t\000\040\000S\000u\000b\000p\000o\000p\000u\000l\000a\000t\000i\000o\000n\000s}{subsubsection*.366}% 305
\BOOKMARK [4][-]{paragraph*.372}{\376\377\000C\000o\000m\000b\000i\000n\000e\000\040\000w\000i\000t\000h\000\040\000D\000y\000n\000a\000m\000i\000c\000s\000\040\000M\000e\000a\000s\000u\000r\000e\000s}{subsubsection*.366}% 306
\BOOKMARK [4][-]{paragraph*.373}{\376\377\000E\000x\000p\000o\000r\000t\000\040\000D\000y\000n\000a\000m\000i\000c\000s\000\040\000R\000e\000s\000u\000l\000t\000s\000\040\000w\000i\000t\000h\000\040\000D\000S\000L}{subsubsection*.366}% 307
\BOOKMARK [3][-]{subsubsection*.374}{\376\377\000N\000e\000x\000t\000\040\000S\000t\000e\000p\000s}{subsection.3.3.6}% 308
\BOOKMARK [2][-]{subsection.3.3.7}{\376\377\000H\000o\000w\000\040\000t\000o\000\040\000R\000u\000n\000\040\000R\000a\000n\000d\000o\000m\000\040\000W\000a\000l\000k\000\040\000A\000l\000g\000o\000r\000i\000t\000h\000m\000s}{section.3.3}% 309
\BOOKMARK [3][-]{subsubsection*.375}{\376\377\000N\000o\000d\000e\0002\000V\000e\000c\000\040\000E\000m\000b\000e\000d\000d\000i\000n\000g\000s}{subsection.3.3.7}% 310
\BOOKMARK [3][-]{subsubsection*.376}{\376\377\000D\000e\000e\000p\000W\000a\000l\000k\000\040\000E\000m\000b\000e\000d\000d\000i\000n\000g\000s}{subsection.3.3.7}% 311
\BOOKMARK [3][-]{subsubsection*.377}{\376\377\000U\000s\000i\000n\000g\000\040\000E\000m\000b\000e\000d\000d\000i\000n\000g\000s\000\040\000f\000o\000r\000\040\000D\000o\000w\000n\000s\000t\000r\000e\000a\000m\000\040\000T\000a\000s\000k\000s}{subsection.3.3.7}% 312
\BOOKMARK [4][-]{paragraph*.378}{\376\377\000N\000o\000d\000e\000\040\000C\000l\000a\000s\000s\000i\000f\000i\000c\000a\000t\000i\000o\000n}{subsubsection*.377}% 313
\BOOKMARK [4][-]{paragraph*.379}{\376\377\000L\000i\000n\000k\000\040\000P\000r\000e\000d\000i\000c\000t\000i\000o\000n}{subsubsection*.377}% 314
\BOOKMARK [4][-]{paragraph*.380}{\376\377\000N\000o\000d\000e\000\040\000C\000l\000u\000s\000t\000e\000r\000i\000n\000g}{subsubsection*.377}% 315
\BOOKMARK [3][-]{subsubsection*.381}{\376\377\000V\000i\000s\000u\000a\000l\000i\000z\000i\000n\000g\000\040\000E\000m\000b\000e\000d\000d\000i\000n\000g\000s}{subsection.3.3.7}% 316
\BOOKMARK [3][-]{subsubsection*.382}{\376\377\000S\000a\000v\000i\000n\000g\000\040\000a\000n\000d\000\040\000L\000o\000a\000d\000i\000n\000g\000\040\000E\000m\000b\000e\000d\000d\000i\000n\000g\000s}{subsection.3.3.7}% 317
\BOOKMARK [4][-]{paragraph*.383}{\376\377\000S\000a\000v\000e\000\040\000t\000o\000\040\000F\000i\000l\000e}{subsubsection*.382}% 318
\BOOKMARK [4][-]{paragraph*.384}{\376\377\000E\000x\000p\000o\000r\000t\000\040\000t\000o\000\040\000C\000S\000V}{subsubsection*.382}% 319
\BOOKMARK [3][-]{subsubsection*.385}{\376\377\000P\000a\000r\000a\000m\000e\000t\000e\000r\000\040\000T\000u\000n\000i\000n\000g}{subsection.3.3.7}% 320
\BOOKMARK [4][-]{paragraph*.386}{\376\377\000G\000r\000i\000d\000\040\000S\000e\000a\000r\000c\000h\000\040\000f\000o\000r\000\040\000B\000e\000s\000t\000\040\000P\000a\000r\000a\000m\000e\000t\000e\000r\000s}{subsubsection*.385}% 321
\BOOKMARK [3][-]{subsubsection*.387}{\376\377\000L\000a\000y\000e\000r\000-\000S\000p\000e\000c\000i\000f\000i\000c\000\040\000E\000m\000b\000e\000d\000d\000i\000n\000g\000s}{subsection.3.3.7}% 322
\BOOKMARK [3][-]{subsubsection*.388}{\376\377\000Q\000u\000e\000r\000y\000\040\000a\000n\000d\000\040\000F\000i\000l\000t\000e\000r\000\040\000N\000o\000d\000e\000s\000\040\000B\000e\000f\000o\000r\000e\000\040\000E\000m\000b\000e\000d\000d\000i\000n\000g\000\040\000w\000i\000t\000h\000\040\000D\000S\000L}{subsection.3.3.7}% 323
\BOOKMARK [4][-]{paragraph*.389}{\376\377\000F\000i\000l\000t\000e\000r\000\040\000H\000i\000g\000h\000-\000D\000e\000g\000r\000e\000e\000\040\000N\000o\000d\000e\000s}{subsubsection*.388}% 324
\BOOKMARK [4][-]{paragraph*.390}{\376\377\000L\000a\000y\000e\000r\000-\000S\000p\000e\000c\000i\000f\000i\000c\000\040\000N\000o\000d\000e\000\040\000S\000e\000l\000e\000c\000t\000i\000o\000n}{subsubsection*.388}% 325
\BOOKMARK [4][-]{paragraph*.391}{\376\377\000Q\000u\000e\000r\000y\000\040\000N\000o\000d\000e\000s\000\040\000b\000y\000\040\000C\000e\000n\000t\000r\000a\000l\000i\000t\000y}{subsubsection*.388}% 326
\BOOKMARK [4][-]{paragraph*.392}{\376\377\000C\000o\000m\000b\000i\000n\000e\000\040\000E\000m\000b\000e\000d\000d\000i\000n\000g\000s\000\040\000w\000i\000t\000h\000\040\000N\000o\000d\000e\000\040\000A\000t\000t\000r\000i\000b\000u\000t\000e\000s}{subsubsection*.388}% 327
\BOOKMARK [4][-]{paragraph*.393}{\376\377\000L\000a\000y\000e\000r\000-\000S\000p\000e\000c\000i\000f\000i\000c\000\040\000E\000m\000b\000e\000d\000d\000i\000n\000g\000\040\000A\000n\000a\000l\000y\000s\000i\000s}{subsubsection*.388}% 328
\BOOKMARK [4][-]{paragraph*.394}{\376\377\000E\000x\000p\000o\000r\000t\000\040\000E\000m\000b\000e\000d\000d\000i\000n\000g\000s\000\040\000w\000i\000t\000h\000\040\000M\000e\000t\000a\000d\000a\000t\000a\000\040\000U\000s\000i\000n\000g\000\040\000D\000S\000L}{subsubsection*.388}% 329
\BOOKMARK [3][-]{subsubsection*.395}{\376\377\000N\000e\000x\000t\000\040\000S\000t\000e\000p\000s}{subsection.3.3.7}% 330
\BOOKMARK [2][-]{subsection.3.3.8}{\376\377\000H\000o\000w\000\040\000t\000o\000\040\000E\000x\000p\000o\000r\000t\000\040\000a\000n\000d\000\040\000S\000e\000r\000i\000a\000l\000i\000z\000e\000\040\000N\000e\000t\000w\000o\000r\000k\000s}{section.3.3}% 331
\BOOKMARK [3][-]{subsubsection*.396}{\376\377\000Q\000u\000i\000c\000k\000\040\000S\000a\000v\000e\000\040\000a\000n\000d\000\040\000L\000o\000a\000d}{subsection.3.3.8}% 332
\BOOKMARK [4][-]{paragraph*.397}{\376\377\000U\000s\000i\000n\000g\000\040\000P\000i\000c\000k\000l\000e\000\040\000\050\000R\000e\000c\000o\000m\000m\000e\000n\000d\000e\000d\000\051}{subsubsection*.396}% 333
\BOOKMARK [3][-]{subsubsection*.398}{\376\377\000E\000x\000p\000o\000r\000t\000\040\000a\000s\000\040\000E\000d\000g\000e\000\040\000L\000i\000s\000t}{subsection.3.3.8}% 334
\BOOKMARK [4][-]{paragraph*.399}{\376\377\000S\000i\000m\000p\000l\000e\000\040\000T\000e\000x\000t\000\040\000F\000o\000r\000m\000a\000t}{subsubsection*.398}% 335
\BOOKMARK [4][-]{paragraph*.400}{\376\377\000C\000S\000V\000\040\000F\000o\000r\000m\000a\000t}{subsubsection*.398}% 336
\BOOKMARK [3][-]{subsubsection*.401}{\376\377\000E\000x\000p\000o\000r\000t\000\040\000a\000s\000\040\000J\000S\000O\000N}{subsection.3.3.8}% 337
\BOOKMARK [4][-]{paragraph*.402}{\376\377\000F\000u\000l\000l\000\040\000N\000e\000t\000w\000o\000r\000k\000\040\000S\000t\000r\000u\000c\000t\000u\000r\000e}{subsubsection*.401}% 338
\BOOKMARK [4][-]{paragraph*.403}{\376\377\000L\000o\000a\000d\000\040\000f\000r\000o\000m\000\040\000J\000S\000O\000N}{subsubsection*.401}% 339
\BOOKMARK [3][-]{subsubsection*.404}{\376\377\000E\000x\000p\000o\000r\000t\000\040\000t\000o\000\040\000N\000e\000t\000w\000o\000r\000k\000X}{subsection.3.3.8}% 340
\BOOKMARK [4][-]{paragraph*.405}{\376\377\000C\000o\000n\000v\000e\000r\000t\000\040\000t\000o\000\040\000S\000i\000n\000g\000l\000e\000-\000L\000a\000y\000e\000r\000\040\000N\000e\000t\000w\000o\000r\000k\000X\000\040\000G\000r\000a\000p\000h}{subsubsection*.404}% 341
\BOOKMARK [4][-]{paragraph*.406}{\376\377\000E\000x\000p\000o\000r\000t\000\040\000S\000p\000e\000c\000i\000f\000i\000c\000\040\000L\000a\000y\000e\000r}{subsubsection*.404}% 342
\BOOKMARK [3][-]{subsubsection*.407}{\376\377\000H\000i\000g\000h\000-\000P\000e\000r\000f\000o\000r\000m\000a\000n\000c\000e\000:\000\040\000A\000p\000a\000c\000h\000e\000\040\000A\000r\000r\000o\000w\000/\000P\000a\000r\000q\000u\000e\000t}{subsection.3.3.8}% 343
\BOOKMARK [4][-]{paragraph*.408}{\376\377\000Z\000e\000r\000o\000-\000L\000o\000s\000s\000\040\000N\000e\000t\000w\000o\000r\000k\000\040\000I\000n\000t\000e\000r\000c\000h\000a\000n\000g\000e\000\040\000\050\000R\000e\000c\000o\000m\000m\000e\000n\000d\000e\000d\000\051}{subsubsection*.407}% 344
\BOOKMARK [4][-]{paragraph*.409}{\376\377\000L\000e\000g\000a\000c\000y\000\040\000P\000a\000r\000q\000u\000e\000t\000\040\000\050\000E\000d\000g\000e\000\040\000L\000i\000s\000t\000s\000\040\000O\000n\000l\000y\000\051}{subsubsection*.407}% 345
\BOOKMARK [3][-]{subsubsection*.410}{\376\377\000E\000x\000p\000o\000r\000t\000\040\000S\000t\000a\000t\000i\000s\000t\000i\000c\000s\000\040\000a\000n\000d\000\040\000R\000e\000s\000u\000l\000t\000s}{subsection.3.3.8}% 346
\BOOKMARK [4][-]{paragraph*.411}{\376\377\000S\000a\000v\000e\000\040\000A\000n\000a\000l\000y\000s\000i\000s\000\040\000R\000e\000s\000u\000l\000t\000s}{subsubsection*.410}% 347
\BOOKMARK [4][-]{paragraph*.412}{\376\377\000S\000a\000v\000e\000\040\000C\000o\000m\000m\000u\000n\000i\000t\000i\000e\000s}{subsubsection*.410}% 348
\BOOKMARK [3][-]{subsubsection*.413}{\376\377\000B\000a\000t\000c\000h\000\040\000E\000x\000p\000o\000r\000t}{subsection.3.3.8}% 349
\BOOKMARK [4][-]{paragraph*.414}{\376\377\000E\000x\000p\000o\000r\000t\000\040\000M\000u\000l\000t\000i\000p\000l\000e\000\040\000F\000o\000r\000m\000a\000t\000s}{subsubsection*.413}% 350
\BOOKMARK [3][-]{subsubsection*.415}{\376\377\000N\000e\000x\000t\000\040\000S\000t\000e\000p\000s}{subsection.3.3.8}% 351
\BOOKMARK [2][-]{subsection.3.3.9}{\376\377\000H\000o\000w\000\040\000t\000o\000\040\000V\000i\000s\000u\000a\000l\000i\000z\000e\000\040\000M\000u\000l\000t\000i\000l\000a\000y\000e\000r\000\040\000N\000e\000t\000w\000o\000r\000k\000s}{section.3.3}% 352
\BOOKMARK [3][-]{subsubsection*.416}{\376\377\000B\000a\000s\000i\000c\000\040\000V\000i\000s\000u\000a\000l\000i\000z\000a\000t\000i\000o\000n}{subsection.3.3.9}% 353
\BOOKMARK [4][-]{paragraph*.417}{\376\377\000Q\000u\000i\000c\000k\000\040\000P\000l\000o\000t}{subsubsection*.416}% 354
\BOOKMARK [4][-]{paragraph*.418}{\376\377\000S\000a\000v\000e\000\040\000t\000o\000\040\000F\000i\000l\000e}{subsubsection*.416}% 355
\BOOKMARK [3][-]{subsubsection*.419}{\376\377\000C\000u\000s\000t\000o\000m\000i\000z\000i\000n\000g\000\040\000V\000i\000s\000u\000a\000l\000i\000z\000a\000t\000i\000o\000n\000s}{subsection.3.3.9}% 356
\BOOKMARK [4][-]{paragraph*.420}{\376\377\000N\000o\000d\000e\000\040\000S\000i\000z\000e\000s\000\040\000a\000n\000d\000\040\000C\000o\000l\000o\000r\000s}{subsubsection*.419}% 357
\BOOKMARK [4][-]{paragraph*.421}{\376\377\000E\000d\000g\000e\000\040\000W\000e\000i\000g\000h\000t\000s}{subsubsection*.419}% 358
\BOOKMARK [3][-]{subsubsection*.422}{\376\377\000L\000a\000y\000o\000u\000t\000\040\000A\000l\000g\000o\000r\000i\000t\000h\000m\000s}{subsection.3.3.9}% 359
\BOOKMARK [4][-]{paragraph*.423}{\376\377\000F\000o\000r\000c\000e\000-\000D\000i\000r\000e\000c\000t\000e\000d\000\040\000L\000a\000y\000o\000u\000t}{subsubsection*.422}% 360
\BOOKMARK [4][-]{paragraph*.424}{\376\377\000C\000i\000r\000c\000u\000l\000a\000r\000\040\000L\000a\000y\000o\000u\000t}{subsubsection*.422}% 361
\BOOKMARK [4][-]{paragraph*.425}{\376\377\000D\000i\000a\000g\000o\000n\000a\000l\000\040\000M\000u\000l\000t\000i\000l\000a\000y\000e\000r\000\040\000L\000a\000y\000o\000u\000t}{subsubsection*.422}% 362
\BOOKMARK [3][-]{subsubsection*.426}{\376\377\000L\000a\000y\000e\000r\000-\000S\000p\000e\000c\000i\000f\000i\000c\000\040\000V\000i\000s\000u\000a\000l\000i\000z\000a\000t\000i\000o\000n}{subsection.3.3.9}% 363
\BOOKMARK [4][-]{paragraph*.427}{\376\377\000V\000i\000s\000u\000a\000l\000i\000z\000e\000\040\000S\000i\000n\000g\000l\000e\000\040\000L\000a\000y\000e\000r}{subsubsection*.426}% 364
\BOOKMARK [4][-]{paragraph*.428}{\376\377\000S\000i\000d\000e\000-\000b\000y\000-\000S\000i\000d\000e\000\040\000L\000a\000y\000e\000r\000\040\000C\000o\000m\000p\000a\000r\000i\000s\000o\000n}{subsubsection*.426}% 365
\BOOKMARK [3][-]{subsubsection*.429}{\376\377\000D\000S\000L\000-\000D\000r\000i\000v\000e\000n\000\040\000V\000i\000s\000u\000a\000l\000i\000z\000a\000t\000i\000o\000n\000\040\000W\000o\000r\000k\000f\000l\000o\000w\000s}{subsection.3.3.9}% 366
\BOOKMARK [4][-]{paragraph*.430}{\376\377\000V\000i\000s\000u\000a\000l\000i\000z\000e\000\040\000H\000i\000g\000h\000-\000D\000e\000g\000r\000e\000e\000\040\000S\000u\000b\000n\000e\000t\000w\000o\000r\000k}{subsubsection*.429}% 367
\BOOKMARK [4][-]{paragraph*.431}{\376\377\000V\000i\000s\000u\000a\000l\000i\000z\000e\000\040\000C\000o\000m\000m\000u\000n\000i\000t\000y\000\040\000S\000t\000r\000u\000c\000t\000u\000r\000e\000\040\000w\000i\000t\000h\000\040\000D\000S\000L}{subsubsection*.429}% 368
\BOOKMARK [4][-]{paragraph*.432}{\376\377\000L\000a\000y\000e\000r\000-\000S\000p\000e\000c\000i\000f\000i\000c\000\040\000V\000i\000s\000u\000a\000l\000i\000z\000a\000t\000i\000o\000n\000s\000\040\000w\000i\000t\000h\000\040\000D\000S\000L}{subsubsection*.429}% 369
\BOOKMARK [4][-]{paragraph*.433}{\376\377\000V\000i\000s\000u\000a\000l\000i\000z\000e\000\040\000C\000e\000n\000t\000r\000a\000l\000\040\000N\000o\000d\000e\000s}{subsubsection*.429}% 370
\BOOKMARK [4][-]{paragraph*.434}{\376\377\000D\000y\000n\000a\000m\000i\000c\000s\000\040\000S\000t\000a\000t\000e\000\040\000V\000i\000s\000u\000a\000l\000i\000z\000a\000t\000i\000o\000n}{subsubsection*.429}% 371
\BOOKMARK [4][-]{paragraph*.435}{\376\377\000I\000n\000t\000e\000r\000a\000c\000t\000i\000v\000e\000\040\000V\000i\000s\000u\000a\000l\000i\000z\000a\000t\000i\000o\000n\000\040\000w\000i\000t\000h\000\040\000D\000S\000L\000\040\000F\000i\000l\000t\000e\000r\000i\000n\000g}{subsubsection*.429}% 372
\BOOKMARK [3][-]{subsubsection*.436}{\376\377\000C\000o\000m\000m\000u\000n\000i\000t\000y\000\040\000V\000i\000s\000u\000a\000l\000i\000z\000a\000t\000i\000o\000n}{subsection.3.3.9}% 373
\BOOKMARK [4][-]{paragraph*.437}{\376\377\000C\000o\000l\000o\000r\000\040\000b\000y\000\040\000C\000o\000m\000m\000u\000n\000i\000t\000i\000e\000s}{subsubsection*.436}% 374
\BOOKMARK [3][-]{subsubsection*.438}{\376\377\000I\000n\000t\000e\000r\000a\000c\000t\000i\000v\000e\000\040\000V\000i\000s\000u\000a\000l\000i\000z\000a\000t\000i\000o\000n}{subsection.3.3.9}% 375
\BOOKMARK [4][-]{paragraph*.439}{\376\377\000U\000s\000i\000n\000g\000\040\000P\000l\000o\000t\000l\000y}{subsubsection*.438}% 376
\BOOKMARK [3][-]{subsubsection*.440}{\376\377\000E\000x\000p\000o\000r\000t\000\040\000f\000o\000r\000\040\000G\000e\000p\000h\000i\000/\000C\000y\000t\000o\000s\000c\000a\000p\000e}{subsection.3.3.9}% 377
\BOOKMARK [4][-]{paragraph*.441}{\376\377\000E\000x\000p\000o\000r\000t\000\040\000t\000o\000\040\000G\000r\000a\000p\000h\000M\000L}{subsubsection*.440}% 378
\BOOKMARK [3][-]{subsubsection*.442}{\376\377\000N\000e\000x\000t\000\040\000S\000t\000e\000p\000s}{subsection.3.3.9}% 379
\BOOKMARK [2][-]{subsection.3.3.10}{\376\377\000H\000o\000w\000\040\000t\000o\000\040\000Q\000u\000e\000r\000y\000\040\000M\000u\000l\000t\000i\000l\000a\000y\000e\000r\000\040\000G\000r\000a\000p\000h\000s\000\040\000w\000i\000t\000h\000\040\000t\000h\000e\000\040\000S\000Q\000L\000-\000l\000i\000k\000e\000\040\000D\000S\000L}{section.3.3}% 380
\BOOKMARK [3][-]{subsubsection*.444}{\376\377\000C\000o\000n\000c\000e\000p\000t\000u\000a\000l\000\040\000O\000v\000e\000r\000v\000i\000e\000w}{subsection.3.3.10}% 381
\BOOKMARK [3][-]{subsubsection*.445}{\376\377\000S\000t\000r\000i\000n\000g\000\040\000S\000y\000n\000t\000a\000x\000\040\000\050\000Q\000u\000i\000c\000k\000\040\000a\000n\000d\000\040\000R\000e\000a\000d\000a\000b\000l\000e\000\051}{subsection.3.3.10}% 382
\BOOKMARK [4][-]{paragraph*.446}{\376\377\000B\000a\000s\000i\000c\000\040\000S\000E\000L\000E\000C\000T}{subsubsection*.445}% 383
\BOOKMARK [4][-]{paragraph*.447}{\376\377\000F\000i\000l\000t\000e\000r\000\040\000b\000y\000\040\000L\000a\000y\000e\000r}{subsubsection*.445}% 384
\BOOKMARK [4][-]{paragraph*.448}{\376\377\000F\000i\000l\000t\000e\000r\000\040\000b\000y\000\040\000P\000r\000o\000p\000e\000r\000t\000y}{subsubsection*.445}% 385
\BOOKMARK [4][-]{paragraph*.449}{\376\377\000C\000o\000m\000p\000u\000t\000e\000\040\000S\000t\000a\000t\000i\000s\000t\000i\000c\000s}{subsubsection*.445}% 386
\BOOKMARK [3][-]{subsubsection*.450}{\376\377\000B\000u\000i\000l\000d\000e\000r\000\040\000A\000P\000I\000\040\000\050\000T\000y\000p\000e\000-\000S\000a\000f\000e\000\051}{subsection.3.3.10}% 387
\BOOKMARK [4][-]{paragraph*.451}{\376\377\000B\000a\000s\000i\000c\000\040\000Q\000u\000e\000r\000i\000e\000s}{subsubsection*.450}% 388
\BOOKMARK [4][-]{paragraph*.452}{\376\377\000F\000i\000l\000t\000e\000r\000i\000n\000g}{subsubsection*.450}% 389
\BOOKMARK [4][-]{paragraph*.453}{\376\377\000C\000o\000m\000p\000u\000t\000i\000n\000g\000\040\000M\000e\000t\000r\000i\000c\000s}{subsubsection*.450}% 390
\BOOKMARK [4][-]{paragraph*.454}{\376\377\000C\000o\000m\000p\000u\000t\000i\000n\000g\000\040\000M\000e\000t\000r\000i\000c\000s\000\040\000w\000i\000t\000h\000\040\000U\000n\000c\000e\000r\000t\000a\000i\000n\000t\000y}{subsubsection*.450}% 391
\BOOKMARK [4][-]{paragraph*.455}{\376\377\000S\000o\000r\000t\000i\000n\000g\000\040\000a\000n\000d\000\040\000L\000i\000m\000i\000t\000i\000n\000g}{subsubsection*.450}% 392
\BOOKMARK [3][-]{subsubsection*.456}{\376\377\000W\000o\000r\000k\000i\000n\000g\000\040\000w\000i\000t\000h\000\040\000R\000e\000s\000u\000l\000t\000s}{subsection.3.3.10}% 393
\BOOKMARK [4][-]{paragraph*.457}{\376\377\000A\000c\000c\000e\000s\000s\000\040\000a\000s\000\040\000D\000i\000c\000t\000i\000o\000n\000a\000r\000y}{subsubsection*.456}% 394
\BOOKMARK [4][-]{paragraph*.458}{\376\377\000C\000o\000n\000v\000e\000r\000t\000\040\000t\000o\000\040\000P\000a\000n\000d\000a\000s}{subsubsection*.456}% 395
\BOOKMARK [4][-]{paragraph*.459}{\376\377\000F\000i\000l\000t\000e\000r\000\040\000R\000e\000s\000u\000l\000t\000s}{subsubsection*.456}% 396
\BOOKMARK [3][-]{subsubsection*.460}{\376\377\000A\000d\000v\000a\000n\000c\000e\000d\000\040\000Q\000u\000e\000r\000i\000e\000s}{subsection.3.3.10}% 397
\BOOKMARK [4][-]{paragraph*.461}{\376\377\000M\000u\000l\000t\000i\000p\000l\000e\000\040\000L\000a\000y\000e\000r\000\040\000S\000e\000l\000e\000c\000t\000i\000o\000n}{subsubsection*.460}% 398
\BOOKMARK [4][-]{paragraph*.462}{\376\377\000L\000a\000y\000e\000r\000\040\000I\000n\000t\000e\000r\000s\000e\000c\000t\000i\000o\000n}{subsubsection*.460}% 399
\BOOKMARK [4][-]{paragraph*.463}{\376\377\000Q\000u\000e\000r\000y\000\040\000E\000d\000g\000e\000s}{subsubsection*.460}% 400
\BOOKMARK [3][-]{subsubsection*.464}{\376\377\000S\000m\000a\000r\000t\000\040\000D\000e\000f\000a\000u\000l\000t\000s\000\040\000a\000n\000d\000\040\000E\000r\000r\000o\000r\000\040\000M\000e\000s\000s\000a\000g\000e\000s}{subsection.3.3.10}% 401
\BOOKMARK [4][-]{paragraph*.465}{\376\377\000A\000u\000t\000o\000-\000C\000o\000m\000p\000u\000t\000i\000n\000g\000\040\000C\000e\000n\000t\000r\000a\000l\000i\000t\000y\000\040\000M\000e\000t\000r\000i\000c\000s}{subsubsection*.464}% 402
\BOOKMARK [4][-]{paragraph*.466}{\376\377\000C\000o\000n\000t\000r\000o\000l\000l\000i\000n\000g\000\040\000A\000u\000t\000o\000c\000o\000m\000p\000u\000t\000e\000\040\000B\000e\000h\000a\000v\000i\000o\000r}{subsubsection*.464}% 403
\BOOKMARK [4][-]{paragraph*.467}{\376\377\000H\000e\000l\000p\000f\000u\000l\000\040\000E\000r\000r\000o\000r\000\040\000M\000e\000s\000s\000a\000g\000e\000s\000\040\000w\000i\000t\000h\000\040\000S\000u\000g\000g\000e\000s\000t\000i\000o\000n\000s}{subsubsection*.464}% 404
\BOOKMARK [4][-]{paragraph*.468}{\376\377\000G\000r\000o\000u\000p\000i\000n\000g\000\040\000R\000e\000q\000u\000i\000r\000e\000m\000e\000n\000t\000s\000\040\000a\000n\000d\000\040\000C\000l\000e\000a\000r\000\040\000E\000r\000r\000o\000r\000s}{subsubsection*.464}% 405
\BOOKMARK [4][-]{paragraph*.469}{\376\377\000W\000h\000e\000n\000\040\000S\000m\000a\000r\000t\000\040\000D\000e\000f\000a\000u\000l\000t\000s\000\040\000D\000O\000N\040\031\000T\000\040\000A\000p\000p\000l\000y}{subsubsection*.464}% 406
\BOOKMARK [4][-]{paragraph*.470}{\376\377\000B\000e\000n\000e\000f\000i\000t\000s\000\040\000o\000f\000\040\000S\000m\000a\000r\000t\000\040\000D\000e\000f\000a\000u\000l\000t\000s}{subsubsection*.464}% 407
\BOOKMARK [3][-]{subsubsection*.471}{\376\377\000T\000e\000m\000p\000o\000r\000a\000l\000\040\000Q\000u\000e\000r\000i\000e\000s}{subsection.3.3.10}% 408
\BOOKMARK [4][-]{paragraph*.472}{\376\377\000T\000e\000m\000p\000o\000r\000a\000l\000\040\000S\000e\000m\000a\000n\000t\000i\000c\000s\000\040\000R\000e\000f\000e\000r\000e\000n\000c\000e}{subsubsection*.471}% 409
\BOOKMARK [4][-]{paragraph*.473}{\376\377\000F\000i\000l\000t\000e\000r\000\040\000b\000y\000\040\000T\000i\000m\000e\000\040\000\050\000S\000n\000a\000p\000s\000h\000o\000t\000\051}{subsubsection*.471}% 410
\BOOKMARK [4][-]{paragraph*.474}{\376\377\000T\000i\000m\000e\000\040\000R\000a\000n\000g\000e}{subsubsection*.471}% 411
\BOOKMARK [4][-]{paragraph*.475}{\376\377\000B\000e\000f\000o\000r\000e\000\040\000a\000n\000d\000\040\000A\000f\000t\000e\000r\000\040\000\050\000C\000o\000n\000v\000e\000n\000i\000e\000n\000c\000e\000\040\000M\000e\000t\000h\000o\000d\000s\000\051}{subsubsection*.471}% 412
\BOOKMARK [3][-]{subsubsection*.476}{\376\377\000C\000o\000m\000m\000o\000n\000\040\000P\000a\000t\000t\000e\000r\000n\000s}{subsection.3.3.10}% 413
\BOOKMARK [4][-]{paragraph*.477}{\376\377\000P\000a\000t\000t\000e\000r\000n\000:\000\040\000F\000i\000n\000d\000\040\000I\000n\000f\000l\000u\000e\000n\000t\000i\000a\000l\000\040\000N\000o\000d\000e\000s}{subsubsection*.476}% 414
\BOOKMARK [4][-]{paragraph*.478}{\376\377\000P\000a\000t\000t\000e\000r\000n\000:\000\040\000C\000o\000m\000p\000a\000r\000e\000\040\000L\000a\000y\000e\000r\000\040\000A\000c\000t\000i\000v\000i\000t\000y}{subsubsection*.476}% 415
\BOOKMARK [4][-]{paragraph*.479}{\376\377\000P\000a\000t\000t\000e\000r\000n\000:\000\040\000E\000x\000p\000o\000r\000t\000\040\000S\000u\000b\000n\000e\000t\000w\000o\000r\000k}{subsubsection*.476}% 416
\BOOKMARK [4][-]{paragraph*.480}{\376\377\000P\000a\000t\000t\000e\000r\000n\000:\000\040\000P\000e\000r\000-\000L\000a\000y\000e\000r\000\040\000T\000o\000p\000-\000K\000\040\000w\000i\000t\000h\000\040\000C\000o\000v\000e\000r\000a\000g\000e\000\040\000\050\000M\000u\000l\000t\000i\000-\000L\000a\000y\000e\000r\000\040\000H\000u\000b\000\040\000D\000e\000t\000e\000c\000t\000i\000o\000n\000\051}{subsubsection*.476}% 417
\BOOKMARK [3][-]{subsubsection*.481}{\376\377\000D\000S\000L\000\040\000R\000e\000s\000u\000l\000t\000\040\000I\000n\000t\000e\000r\000o\000p\000e\000r\000a\000b\000i\000l\000i\000t\000y}{subsection.3.3.10}% 418
\BOOKMARK [4][-]{paragraph*.482}{\376\377\000Q\000u\000e\000r\000y\000R\000e\000s\000u\000l\000t\000\040\000t\000o\000\040\000p\000a\000n\000d\000a\000s\000\040\000W\000o\000r\000k\000f\000l\000o\000w}{subsubsection*.481}% 419
\BOOKMARK [4][-]{paragraph*.483}{\376\377\000V\000e\000r\000b\000\040\000M\000a\000p\000p\000i\000n\000g\000\040\000T\000a\000b\000l\000e}{subsubsection*.481}% 420
\BOOKMARK [4][-]{paragraph*.484}{\376\377\000E\000x\000a\000m\000p\000l\000e\000:\000\040\000C\000o\000m\000b\000i\000n\000e\000d\000\040\000W\000o\000r\000k\000f\000l\000o\000w}{subsubsection*.481}% 421
\BOOKMARK [3][-]{subsubsection*.485}{\376\377\000N\000e\000x\000t\000\040\000S\000t\000e\000p\000s}{subsection.3.3.10}% 422
\BOOKMARK [4][-]{paragraph*.486}{\376\377\000A\000u\000t\000o\000m\000a\000t\000i\000c\000\040\000Q\000u\000e\000r\000y\000\040\000O\000p\000t\000i\000m\000i\000z\000a\000t\000i\000o\000n}{subsubsection*.485}% 423
\BOOKMARK [3][-]{subsubsection*.487}{\376\377\000F\000u\000r\000t\000h\000e\000r\000\040\000R\000e\000a\000d\000i\000n\000g\000:\000\040\000T\000h\000e\000\040\000P\000y\0003\000p\000l\000e\000x\000\040\000B\000o\000o\000k}{subsection.3.3.10}% 424
\BOOKMARK [2][-]{subsection.3.3.11}{\376\377\000H\000o\000w\000\040\000t\000o\000\040\000F\000i\000n\000d\000\040\000G\000r\000a\000p\000h\000\040\000P\000a\000t\000t\000e\000r\000n\000s\000\040\000a\000n\000d\000\040\000M\000o\000t\000i\000f\000s\000\040\000w\000i\000t\000h\000\040\000t\000h\000e\000\040\000P\000a\000t\000t\000e\000r\000n\000\040\000M\000a\000t\000c\000h\000i\000n\000g\000\040\000A\000P\000I}{section.3.3}% 425
\BOOKMARK [3][-]{subsubsection*.488}{\376\377\000W\000h\000y\000\040\000P\000a\000t\000t\000e\000r\000n\000\040\000M\000a\000t\000c\000h\000i\000n\000g\000?}{subsection.3.3.11}% 426
\BOOKMARK [3][-]{subsubsection*.489}{\376\377\000Q\000u\000i\000c\000k\000\040\000S\000t\000a\000r\000t\000:\000\040\000Y\000o\000u\000r\000\040\000F\000i\000r\000s\000t\000\040\000P\000a\000t\000t\000e\000r\000n}{subsection.3.3.11}% 427
\BOOKMARK [3][-]{subsubsection*.490}{\376\377\000P\000a\000t\000t\000e\000r\000n\000\040\000C\000o\000m\000p\000o\000n\000e\000n\000t\000s}{subsection.3.3.11}% 428
\BOOKMARK [4][-]{paragraph*.491}{\376\377\000N\000o\000d\000e\000s}{subsubsection*.490}% 429
\BOOKMARK [4][-]{paragraph*.492}{\376\377\000E\000d\000g\000e\000s}{subsubsection*.490}% 430
\BOOKMARK [4][-]{paragraph*.493}{\376\377\000P\000a\000t\000h\000s}{subsubsection*.490}% 431
\BOOKMARK [4][-]{paragraph*.494}{\376\377\000T\000r\000i\000a\000n\000g\000l\000e\000s}{subsubsection*.490}% 432
\BOOKMARK [3][-]{subsubsection*.495}{\376\377\000M\000u\000l\000t\000i\000l\000a\000y\000e\000r\000-\000A\000w\000a\000r\000e\000\040\000P\000a\000t\000t\000e\000r\000n\000s}{subsection.3.3.11}% 433
\BOOKMARK [4][-]{paragraph*.496}{\376\377\000W\000i\000t\000h\000i\000n\000\040\000L\000a\000y\000e\000r}{subsubsection*.495}% 434
\BOOKMARK [4][-]{paragraph*.497}{\376\377\000B\000e\000t\000w\000e\000e\000n\000\040\000L\000a\000y\000e\000r\000s}{subsubsection*.495}% 435
\BOOKMARK [4][-]{paragraph*.498}{\376\377\000A\000n\000y\000\040\000L\000a\000y\000e\000r}{subsubsection*.495}% 436
\BOOKMARK [3][-]{subsubsection*.499}{\376\377\000P\000r\000a\000c\000t\000i\000c\000a\000l\000\040\000E\000x\000a\000m\000p\000l\000e\000s}{subsection.3.3.11}% 437
\BOOKMARK [4][-]{paragraph*.500}{\376\377\000E\000x\000a\000m\000p\000l\000e\000\040\0001\000:\000\040\000F\000i\000n\000d\000\040\000T\000r\000i\000a\000n\000g\000l\000e\000s\000\040\000w\000i\000t\000h\000\040\000W\000e\000i\000g\000h\000t\000\040\000C\000o\000n\000s\000t\000r\000a\000i\000n\000t\000s}{subsubsection*.499}% 438
\BOOKMARK [4][-]{paragraph*.501}{\376\377\000E\000x\000a\000m\000p\000l\000e\000\040\0002\000:\000\040\000F\000i\000n\000d\000\040\0002\000-\000H\000o\000p\000\040\000P\000a\000t\000h\000s\000\040\000i\000n\000\040\000S\000p\000e\000c\000i\000f\000i\000c\000\040\000L\000a\000y\000e\000r}{subsubsection*.499}% 439
\BOOKMARK [4][-]{paragraph*.502}{\376\377\000E\000x\000a\000m\000p\000l\000e\000\040\0003\000:\000\040\000F\000i\000n\000d\000\040\000H\000i\000g\000h\000-\000D\000e\000g\000r\000e\000e\000\040\000N\000o\000d\000e\000s\000\040\000w\000i\000t\000h\000\040\000S\000p\000e\000c\000i\000f\000i\000c\000\040\000C\000o\000n\000n\000e\000c\000t\000i\000o\000n\000s}{subsubsection*.499}% 440
\BOOKMARK [4][-]{paragraph*.503}{\376\377\000E\000x\000a\000m\000p\000l\000e\000\040\0004\000:\000\040\000C\000r\000o\000s\000s\000-\000L\000a\000y\000e\000r\000\040\000H\000u\000b\000\040\000D\000e\000t\000e\000c\000t\000i\000o\000n}{subsubsection*.499}% 441
\BOOKMARK [3][-]{subsubsection*.504}{\376\377\000W\000o\000r\000k\000i\000n\000g\000\040\000w\000i\000t\000h\000\040\000R\000e\000s\000u\000l\000t\000s}{subsection.3.3.11}% 442
\BOOKMARK [4][-]{paragraph*.505}{\376\377\000A\000c\000c\000e\000s\000s\000i\000n\000g\000\040\000R\000o\000w\000s}{subsubsection*.504}% 443
\BOOKMARK [4][-]{paragraph*.506}{\376\377\000C\000o\000n\000v\000e\000r\000t\000i\000n\000g\000\040\000t\000o\000\040\000P\000a\000n\000d\000a\000s}{subsubsection*.504}% 444
\BOOKMARK [4][-]{paragraph*.507}{\376\377\000E\000x\000t\000r\000a\000c\000t\000i\000n\000g\000\040\000N\000o\000d\000e\000s}{subsubsection*.504}% 445
\BOOKMARK [4][-]{paragraph*.508}{\376\377\000E\000x\000t\000r\000a\000c\000t\000i\000n\000g\000\040\000E\000d\000g\000e\000s}{subsubsection*.504}% 446
\BOOKMARK [4][-]{paragraph*.509}{\376\377\000C\000r\000e\000a\000t\000i\000n\000g\000\040\000S\000u\000b\000g\000r\000a\000p\000h\000s}{subsubsection*.504}% 447
\BOOKMARK [4][-]{paragraph*.510}{\376\377\000F\000i\000l\000t\000e\000r\000i\000n\000g\000\040\000R\000e\000s\000u\000l\000t\000s}{subsubsection*.504}% 448
\BOOKMARK [3][-]{subsubsection*.511}{\376\377\000Q\000u\000e\000r\000y\000\040\000E\000x\000e\000c\000u\000t\000i\000o\000n\000\040\000P\000l\000a\000n\000n\000i\000n\000g}{subsection.3.3.11}% 449
\BOOKMARK [3][-]{subsubsection*.512}{\376\377\000P\000e\000r\000f\000o\000r\000m\000a\000n\000c\000e\000\040\000T\000i\000p\000s}{subsection.3.3.11}% 450
\BOOKMARK [3][-]{subsubsection*.513}{\376\377\000A\000d\000v\000a\000n\000c\000e\000d\000\040\000F\000e\000a\000t\000u\000r\000e\000s}{subsection.3.3.11}% 451
\BOOKMARK [4][-]{paragraph*.514}{\376\377\000C\000o\000n\000s\000t\000r\000a\000i\000n\000t\000s}{subsubsection*.513}% 452
\BOOKMARK [4][-]{paragraph*.515}{\376\377\000R\000e\000t\000u\000r\000n\000i\000n\000g\000\040\000S\000p\000e\000c\000i\000f\000i\000c\000\040\000V\000a\000r\000i\000a\000b\000l\000e\000s}{subsubsection*.513}% 453
\BOOKMARK [4][-]{paragraph*.516}{\376\377\000E\000x\000e\000c\000u\000t\000i\000o\000n\000\040\000O\000p\000t\000i\000o\000n\000s}{subsubsection*.513}% 454
\BOOKMARK [3][-]{subsubsection*.517}{\376\377\000C\000o\000m\000p\000a\000r\000i\000s\000o\000n\000\040\000w\000i\000t\000h\000\040\000O\000t\000h\000e\000r\000\040\000A\000p\000p\000r\000o\000a\000c\000h\000e\000s}{subsection.3.3.11}% 455
\BOOKMARK [4][-]{paragraph*.518}{\376\377\000P\000a\000t\000t\000e\000r\000n\000\040\000M\000a\000t\000c\000h\000i\000n\000g\000\040\000v\000s\000.\000\040\000N\000e\000t\000w\000o\000r\000k\000X}{subsubsection*.517}% 456
\BOOKMARK [4][-]{paragraph*.519}{\376\377\000P\000a\000t\000t\000e\000r\000n\000\040\000M\000a\000t\000c\000h\000i\000n\000g\000\040\000v\000s\000.\000\040\000D\000S\000L\000\040\000N\000o\000d\000e\000/\000E\000d\000g\000e\000\040\000Q\000u\000e\000r\000i\000e\000s}{subsubsection*.517}% 457
\BOOKMARK [3][-]{subsubsection*.520}{\376\377\000L\000i\000m\000i\000t\000a\000t\000i\000o\000n\000s\000\040\000a\000n\000d\000\040\000F\000u\000t\000u\000r\000e\000\040\000W\000o\000r\000k}{subsection.3.3.11}% 458
\BOOKMARK [4][-]{paragraph*.521}{\376\377\000C\000u\000r\000r\000e\000n\000t\000\040\000L\000i\000m\000i\000t\000a\000t\000i\000o\000n\000s\000\040\000\050\000v\0001\000\051}{subsubsection*.520}% 459
\BOOKMARK [4][-]{paragraph*.522}{\376\377\000B\000e\000s\000t\000\040\000P\000r\000a\000c\000t\000i\000c\000e\000s}{subsubsection*.520}% 460
\BOOKMARK [3][-]{subsubsection*.523}{\376\377\000T\000r\000o\000u\000b\000l\000e\000s\000h\000o\000o\000t\000i\000n\000g}{subsection.3.3.11}% 461
\BOOKMARK [4][-]{paragraph*.524}{\376\377\000P\000a\000t\000t\000e\000r\000n\000\040\000R\000e\000t\000u\000r\000n\000s\000\040\000N\000o\000\040\000M\000a\000t\000c\000h\000e\000s}{subsubsection*.523}% 462
\BOOKMARK [4][-]{paragraph*.525}{\376\377\000T\000o\000o\000\040\000M\000a\000n\000y\000\040\000M\000a\000t\000c\000h\000e\000s}{subsubsection*.523}% 463
\BOOKMARK [4][-]{paragraph*.526}{\376\377\000S\000l\000o\000w\000\040\000P\000e\000r\000f\000o\000r\000m\000a\000n\000c\000e}{subsubsection*.523}% 464
\BOOKMARK [3][-]{subsubsection*.527}{\376\377\000R\000e\000l\000a\000t\000e\000d\000\040\000D\000o\000c\000u\000m\000e\000n\000t\000a\000t\000i\000o\000n}{subsection.3.3.11}% 465
\BOOKMARK [3][-]{subsubsection*.528}{\376\377\000N\000e\000x\000t\000\040\000S\000t\000e\000p\000s}{subsection.3.3.11}% 466
\BOOKMARK [2][-]{subsection.3.3.12}{\376\377\000H\000o\000w\000\040\000t\000o\000\040\000B\000u\000i\000l\000d\000\040\000A\000n\000a\000l\000y\000s\000i\000s\000\040\000P\000i\000p\000e\000l\000i\000n\000e\000s\000\040\000w\000i\000t\000h\000\040\000D\000p\000l\000y\000r\000-\000s\000t\000y\000l\000e\000\040\000O\000p\000e\000r\000a\000t\000i\000o\000n\000s}{section.3.3}% 467
\BOOKMARK [3][-]{subsubsection*.529}{\376\377\000Q\000u\000i\000c\000k\000s\000t\000a\000r\000t}{subsection.3.3.12}% 468
\BOOKMARK [3][-]{subsubsection*.530}{\376\377\000A\000v\000a\000i\000l\000a\000b\000l\000e\000\040\000O\000p\000e\000r\000a\000t\000i\000o\000n\000s}{subsection.3.3.12}% 469
\BOOKMARK [4][-]{paragraph*.531}{\376\377\000f\000i\000l\000t\000e\000r\000\050\000\051}{subsubsection*.530}% 470
\BOOKMARK [4][-]{paragraph*.532}{\376\377\000m\000u\000t\000a\000t\000e\000\050\000\051}{subsubsection*.530}% 471
\BOOKMARK [4][-]{paragraph*.533}{\376\377\000s\000e\000l\000e\000c\000t\000\050\000\051}{subsubsection*.530}% 472
\BOOKMARK [4][-]{paragraph*.534}{\376\377\000a\000r\000r\000a\000n\000g\000e\000\050\000\051}{subsubsection*.530}% 473
\BOOKMARK [4][-]{paragraph*.535}{\376\377\000g\000r\000o\000u\000p\000\137\000b\000y\000\050\000\051\000\040\000a\000n\000d\000\040\000s\000u\000m\000m\000a\000r\000i\000s\000e\000\050\000\051}{subsubsection*.530}% 474
\BOOKMARK [3][-]{subsubsection*.536}{\376\377\000C\000o\000m\000p\000l\000e\000x\000\040\000P\000i\000p\000e\000l\000i\000n\000e\000s}{subsection.3.3.12}% 475
\BOOKMARK [4][-]{paragraph*.537}{\376\377\000M\000u\000l\000t\000i\000-\000S\000t\000e\000p\000\040\000A\000n\000a\000l\000y\000s\000i\000s}{subsubsection*.536}% 476
\BOOKMARK [3][-]{subsubsection*.538}{\376\377\000C\000o\000m\000b\000i\000n\000i\000n\000g\000\040\000w\000i\000t\000h\000\040\000D\000S\000L}{subsection.3.3.12}% 477
\BOOKMARK [3][-]{subsubsection*.539}{\376\377\000S\000c\000i\000k\000i\000t\000-\000l\000e\000a\000r\000n\000-\000s\000t\000y\000l\000e\000\040\000P\000i\000p\000e\000l\000i\000n\000e\000s}{subsection.3.3.12}% 478
\BOOKMARK [3][-]{subsubsection*.540}{\376\377\000E\000x\000p\000o\000r\000t\000i\000n\000g\000\040\000P\000i\000p\000e\000l\000i\000n\000e\000s}{subsection.3.3.12}% 479
\BOOKMARK [4][-]{paragraph*.541}{\376\377\000P\000e\000r\000s\000i\000s\000t\000\040\000S\000t\000e\000p\000\040\000S\000e\000t\000t\000i\000n\000g\000s}{subsubsection*.540}% 480
\BOOKMARK [4][-]{paragraph*.542}{\376\377\000R\000e\000l\000o\000a\000d\000\040\000a\000n\000d\000\040\000R\000e\000b\000u\000i\000l\000d}{subsubsection*.540}% 481
\BOOKMARK [3][-]{subsubsection*.543}{\376\377\000R\000e\000u\000s\000a\000b\000l\000e\000\040\000P\000i\000p\000e\000l\000i\000n\000e\000s}{subsection.3.3.12}% 482
\BOOKMARK [4][-]{paragraph*.544}{\376\377\000C\000r\000e\000a\000t\000e\000\040\000P\000i\000p\000e\000l\000i\000n\000e\000\040\000F\000u\000n\000c\000t\000i\000o\000n\000s}{subsubsection*.543}% 483
\BOOKMARK [3][-]{subsubsection*.545}{\376\377\000N\000e\000x\000t\000\040\000S\000t\000e\000p\000s}{subsection.3.3.12}% 484
\BOOKMARK [2][-]{subsection.3.3.13}{\376\377\000H\000o\000w\000\040\000t\000o\000\040\000R\000e\000p\000r\000o\000d\000u\000c\000e\000\040\000C\000o\000m\000m\000o\000n\000\040\000A\000n\000a\000l\000y\000s\000i\000s\000\040\000W\000o\000r\000k\000f\000l\000o\000w\000s}{section.3.3}% 485
\BOOKMARK [3][-]{subsubsection*.546}{\376\377\000C\000o\000m\000p\000l\000e\000t\000e\000\040\000W\000o\000r\000k\000f\000l\000o\000w\000s}{subsection.3.3.13}% 486
\BOOKMARK [3][-]{subsubsection*.547}{\376\377\000Q\000u\000i\000c\000k\000\040\000R\000e\000c\000i\000p\000e\000\040\000I\000n\000d\000e\000x}{subsection.3.3.13}% 487
\BOOKMARK [4][-]{paragraph*.548}{\376\377\000N\000e\000t\000w\000o\000r\000k\000\040\000C\000o\000n\000s\000t\000r\000u\000c\000t\000i\000o\000n}{subsubsection*.547}% 488
\BOOKMARK [4][-]{paragraph*.549}{\376\377\000S\000t\000a\000t\000i\000s\000t\000i\000c\000a\000l\000\040\000A\000n\000a\000l\000y\000s\000i\000s}{subsubsection*.547}% 489
\BOOKMARK [4][-]{paragraph*.550}{\376\377\000C\000o\000m\000m\000u\000n\000i\000t\000y\000\040\000D\000e\000t\000e\000c\000t\000i\000o\000n}{subsubsection*.547}% 490
\BOOKMARK [4][-]{paragraph*.551}{\376\377\000N\000e\000t\000w\000o\000r\000k\000\040\000E\000m\000b\000e\000d\000d\000i\000n\000g\000s}{subsubsection*.547}% 491
\BOOKMARK [4][-]{paragraph*.552}{\376\377\000V\000i\000s\000u\000a\000l\000i\000z\000a\000t\000i\000o\000n}{subsubsection*.547}% 492
\BOOKMARK [3][-]{subsubsection*.553}{\376\377\000D\000o\000m\000a\000i\000n\000-\000S\000p\000e\000c\000i\000f\000i\000c\000\040\000W\000o\000r\000k\000f\000l\000o\000w\000s}{subsection.3.3.13}% 493
\BOOKMARK [4][-]{paragraph*.554}{\376\377\000S\000o\000c\000i\000a\000l\000\040\000N\000e\000t\000w\000o\000r\000k\000s}{subsubsection*.553}% 494
\BOOKMARK [4][-]{paragraph*.555}{\376\377\000B\000i\000o\000l\000o\000g\000i\000c\000a\000l\000\040\000N\000e\000t\000w\000o\000r\000k\000s}{subsubsection*.553}% 495
\BOOKMARK [4][-]{paragraph*.556}{\376\377\000T\000r\000a\000n\000s\000p\000o\000r\000t\000a\000t\000i\000o\000n\000\040\000N\000e\000t\000w\000o\000r\000k\000s}{subsubsection*.553}% 496
\BOOKMARK [3][-]{subsubsection*.557}{\376\377\000C\000o\000n\000f\000i\000g\000-\000D\000r\000i\000v\000e\000n\000\040\000W\000o\000r\000k\000f\000l\000o\000w\000s}{subsection.3.3.13}% 497
\BOOKMARK [3][-]{subsubsection*.558}{\376\377\000D\000S\000L\000-\000D\000r\000i\000v\000e\000n\000\040\000A\000n\000a\000l\000y\000s\000i\000s\000\040\000W\000o\000r\000k\000f\000l\000o\000w\000s}{subsection.3.3.13}% 498
\BOOKMARK [4][-]{paragraph*.559}{\376\377\000B\000a\000s\000i\000c\000\040\000D\000S\000L\000\040\000W\000o\000r\000k\000f\000l\000o\000w\000\040\000P\000a\000t\000t\000e\000r\000n}{subsubsection*.558}% 499
\BOOKMARK [4][-]{paragraph*.560}{\376\377\000M\000u\000l\000t\000i\000l\000a\000y\000e\000r\000\040\000E\000x\000p\000l\000o\000r\000a\000t\000i\000o\000n\000\040\000W\000o\000r\000k\000f\000l\000o\000w}{subsubsection*.558}% 500
\BOOKMARK [4][-]{paragraph*.561}{\376\377\000C\000o\000m\000m\000u\000n\000i\000t\000y\000\040\000D\000e\000t\000e\000c\000t\000i\000o\000n\000\040\000+\000\040\000D\000S\000L\000\040\000W\000o\000r\000k\000f\000l\000o\000w}{subsubsection*.558}% 501
\BOOKMARK [4][-]{paragraph*.562}{\376\377\000D\000y\000n\000a\000m\000i\000c\000s\000\040\000+\000\040\000D\000S\000L\000\040\000W\000o\000r\000k\000f\000l\000o\000w}{subsubsection*.558}% 502
\BOOKMARK [4][-]{paragraph*.563}{\376\377\000R\000e\000u\000s\000a\000b\000l\000e\000\040\000D\000S\000L\000\040\000Q\000u\000e\000r\000y\000\040\000F\000u\000n\000c\000t\000i\000o\000n\000s}{subsubsection*.558}% 503
\BOOKMARK [3][-]{subsubsection*.564}{\376\377\000B\000a\000t\000c\000h\000\040\000P\000r\000o\000c\000e\000s\000s\000i\000n\000g}{subsection.3.3.13}% 504
\BOOKMARK [3][-]{subsubsection*.565}{\376\377\000C\000o\000m\000p\000l\000e\000t\000e\000\040\000E\000x\000a\000m\000p\000l\000e\000\040\000T\000e\000m\000p\000l\000a\000t\000e\000s}{subsection.3.3.13}% 505
\BOOKMARK [3][-]{subsubsection*.566}{\376\377\000N\000e\000x\000t\000\040\000S\000t\000e\000p\000s}{subsection.3.3.13}% 506
\BOOKMARK [1][-]{section.3.4}{\376\377\000P\000a\000r\000t\000\040\000I\000V\000:\000\040\000C\000o\000n\000c\000e\000p\000t\000s\000\040\000\046\000\040\000E\000x\000p\000l\000a\000n\000a\000t\000i\000o\000n\000s}{chapter.3}% 507
\BOOKMARK [2][-]{subsection.3.4.1}{\376\377\000C\000o\000n\000c\000e\000p\000t\000s\000\040\000\046\000\040\000E\000x\000p\000l\000a\000n\000a\000t\000i\000o\000n\000s}{section.3.4}% 508
\BOOKMARK [3][-]{subsubsection*.567}{\376\377\000A\000f\000t\000e\000r\000\040\000R\000e\000a\000d\000i\000n\000g\000\040\000T\000h\000i\000s\000\040\000S\000e\000c\000t\000i\000o\000n}{subsection.3.4.1}% 509
\BOOKMARK [2][-]{subsection.3.4.2}{\376\377\000M\000u\000l\000t\000i\000l\000a\000y\000e\000r\000\040\000N\000e\000t\000w\000o\000r\000k\000s\000\040\0001\0000\0001}{section.3.4}% 510
\BOOKMARK [3][-]{subsubsection*.568}{\376\377\000W\000h\000a\000t\000\040\000a\000r\000e\000\040\000M\000u\000l\000t\000i\000l\000a\000y\000e\000r\000\040\000N\000e\000t\000w\000o\000r\000k\000s\000?}{subsection.3.4.2}% 511
\BOOKMARK [3][-]{subsubsection*.569}{\376\377\000T\000y\000p\000e\000s\000\040\000o\000f\000\040\000M\000u\000l\000t\000i\000l\000a\000y\000e\000r\000\040\000N\000e\000t\000w\000o\000r\000k\000s}{subsection.3.4.2}% 512
\BOOKMARK [4][-]{paragraph*.570}{\376\377\000M\000u\000l\000t\000i\000p\000l\000e\000x\000\040\000N\000e\000t\000w\000o\000r\000k\000s}{subsubsection*.569}% 513
\BOOKMARK [4][-]{paragraph*.571}{\376\377\000H\000e\000t\000e\000r\000o\000g\000e\000n\000e\000o\000u\000s\000\040\000I\000n\000f\000o\000r\000m\000a\000t\000i\000o\000n\000\040\000N\000e\000t\000w\000o\000r\000k\000s}{subsubsection*.569}% 514
\BOOKMARK [4][-]{paragraph*.572}{\376\377\000T\000e\000m\000p\000o\000r\000a\000l\000\040\000N\000e\000t\000w\000o\000r\000k\000s}{subsubsection*.569}% 515
\BOOKMARK [4][-]{paragraph*.573}{\376\377\000I\000n\000t\000e\000r\000d\000e\000p\000e\000n\000d\000e\000n\000t\000\040\000N\000e\000t\000w\000o\000r\000k\000s}{subsubsection*.569}% 516
\BOOKMARK [3][-]{subsubsection*.574}{\376\377\000W\000h\000e\000n\000\040\000t\000o\000\040\000U\000s\000e\000\040\000M\000u\000l\000t\000i\000l\000a\000y\000e\000r\000\040\000N\000e\000t\000w\000o\000r\000k\000s}{subsection.3.4.2}% 517
\BOOKMARK [3][-]{subsubsection*.575}{\376\377\000C\000h\000o\000o\000s\000i\000n\000g\000\040\000a\000\040\000M\000o\000d\000e\000l\000i\000n\000g\000\040\000A\000p\000p\000r\000o\000a\000c\000h}{subsection.3.4.2}% 518
\BOOKMARK [3][-]{subsubsection*.576}{\376\377\000W\000h\000a\000t\000\040\000G\000o\000e\000s\000\040\000W\000r\000o\000n\000g\000\040\000W\000h\000e\000n\000\040\000Y\000o\000u\000\040\000F\000l\000a\000t\000t\000e\000n}{subsection.3.4.2}% 519
\BOOKMARK [3][-]{subsubsection*.577}{\376\377\000C\000o\000m\000m\000o\000n\000\040\000P\000i\000t\000f\000a\000l\000l\000s}{subsection.3.4.2}% 520
\BOOKMARK [3][-]{subsubsection*.578}{\376\377\000K\000e\000y\000\040\000T\000e\000r\000m\000i\000n\000o\000l\000o\000g\000y}{subsection.3.4.2}% 521
\BOOKMARK [3][-]{subsubsection*.579}{\376\377\000N\000e\000x\000t\000\040\000S\000t\000e\000p\000s}{subsection.3.4.2}% 522
\BOOKMARK [2][-]{subsection.3.4.3}{\376\377\000T\000h\000e\000\040\000p\000y\0003\000p\000l\000e\000x\000\040\000C\000o\000r\000e\000\040\000M\000o\000d\000e\000l}{section.3.4}% 523
\BOOKMARK [3][-]{subsubsection*.580}{\376\377\000N\000e\000t\000w\000o\000r\000k\000\040\000T\000y\000p\000e\000s\000:\000\040\000M\000u\000l\000t\000i\000l\000a\000y\000e\000r\000\040\000v\000s\000\040\000M\000u\000l\000t\000i\000p\000l\000e\000x}{subsection.3.4.3}% 524
\BOOKMARK [3][-]{subsubsection*.581}{\376\377\000T\000h\000e\000\040\000m\000u\000l\000t\000i\000\137\000l\000a\000y\000e\000r\000\137\000n\000e\000t\000w\000o\000r\000k\000\040\000C\000l\000a\000s\000s}{subsection.3.4.3}% 525
\BOOKMARK [4][-]{paragraph*.582}{\376\377\000B\000a\000s\000i\000c\000\040\000S\000t\000r\000u\000c\000t\000u\000r\000e}{subsubsection*.581}% 526
\BOOKMARK [4][-]{paragraph*.583}{\376\377\000K\000e\000y\000\040\000C\000o\000m\000p\000o\000n\000e\000n\000t\000s}{subsubsection*.581}% 527
\BOOKMARK [3][-]{subsubsection*.584}{\376\377\000I\000n\000t\000e\000r\000n\000a\000l\000\040\000R\000e\000p\000r\000e\000s\000e\000n\000t\000a\000t\000i\000o\000n}{subsection.3.4.3}% 528
\BOOKMARK [4][-]{paragraph*.585}{\376\377\000N\000o\000d\000e\000-\000L\000a\000y\000e\000r\000\040\000P\000a\000i\000r\000s}{subsubsection*.584}% 529
\BOOKMARK [4][-]{paragraph*.586}{\376\377\000E\000d\000g\000e\000\040\000T\000y\000p\000e\000s}{subsubsection*.584}% 530
\BOOKMARK [3][-]{subsubsection*.587}{\376\377\000S\000u\000p\000r\000a\000-\000A\000d\000j\000a\000c\000e\000n\000c\000y\000\040\000M\000a\000t\000r\000i\000x}{subsection.3.4.3}% 531
\BOOKMARK [4][-]{paragraph*.588}{\376\377\000M\000a\000t\000h\000e\000m\000a\000t\000i\000c\000a\000l\000\040\000D\000e\000f\000i\000n\000i\000t\000i\000o\000n}{subsubsection*.587}% 532
\BOOKMARK [4][-]{paragraph*.589}{\376\377\000N\000u\000m\000e\000r\000i\000c\000\040\000E\000x\000a\000m\000p\000l\000e}{subsubsection*.587}% 533
\BOOKMARK [4][-]{paragraph*.590}{\376\377\000C\000o\000n\000s\000t\000r\000u\000c\000t\000i\000o\000n}{subsubsection*.587}% 534
\BOOKMARK [4][-]{paragraph*.591}{\376\377\000M\000e\000m\000o\000r\000y\000\040\000I\000m\000p\000l\000i\000c\000a\000t\000i\000o\000n\000s}{subsubsection*.587}% 535
\BOOKMARK [4][-]{paragraph*.592}{\376\377\000V\000i\000s\000u\000a\000l\000i\000z\000a\000t\000i\000o\000n}{subsubsection*.587}% 536
\BOOKMARK [3][-]{subsubsection*.593}{\376\377\000H\000o\000w\000\040\000p\000y\0003\000p\000l\000e\000x\000\040\000U\000s\000e\000s\000\040\000N\000e\000t\000w\000o\000r\000k\000X\000\040\000U\000n\000d\000e\000r\000\040\000t\000h\000e\000\040\000H\000o\000o\000d}{subsection.3.4.3}% 537
\BOOKMARK [4][-]{paragraph*.594}{\376\377\000T\000h\000e\000\040\000R\000o\000l\000e\000\040\000o\000f\000\040\000M\000u\000l\000t\000i\000G\000r\000a\000p\000h\000/\000M\000u\000l\000t\000i\000D\000i\000G\000r\000a\000p\000h}{subsubsection*.593}% 538
\BOOKMARK [4][-]{paragraph*.595}{\376\377\000A\000t\000t\000r\000i\000b\000u\000t\000e\000\040\000P\000r\000o\000p\000a\000g\000a\000t\000i\000o\000n}{subsubsection*.593}% 539
\BOOKMARK [4][-]{paragraph*.596}{\376\377\000U\000s\000i\000n\000g\000\040\000N\000e\000t\000w\000o\000r\000k\000X\000\040\000F\000u\000n\000c\000t\000i\000o\000n\000s\000\040\000D\000i\000r\000e\000c\000t\000l\000y}{subsubsection*.593}% 540
\BOOKMARK [3][-]{subsubsection*.597}{\376\377\000D\000e\000s\000i\000g\000n\000\040\000T\000r\000a\000d\000e\000-\000o\000f\000f\000s}{subsection.3.4.3}% 541
\BOOKMARK [4][-]{paragraph*.598}{\376\377\000N\000o\000d\000e\000-\000L\000a\000y\000e\000r\000\040\000P\000a\000i\000r\000s\000\040\000v\000s\000.\000\040\000A\000l\000t\000e\000r\000n\000a\000t\000i\000v\000e\000\040\000R\000e\000p\000r\000e\000s\000e\000n\000t\000a\000t\000i\000o\000n\000s}{subsubsection*.597}% 542
\BOOKMARK [4][-]{paragraph*.599}{\376\377\000C\000o\000n\000s\000e\000q\000u\000e\000n\000c\000e\000s\000\040\000f\000o\000r\000\040\000A\000l\000g\000o\000r\000i\000t\000h\000m\000\040\000I\000m\000p\000l\000e\000m\000e\000n\000t\000a\000t\000i\000o\000n}{subsubsection*.597}% 543
\BOOKMARK [4][-]{paragraph*.600}{\376\377\000C\000o\000n\000s\000e\000q\000u\000e\000n\000c\000e\000s\000\040\000f\000o\000r\000\040\000I\000/\000O}{subsubsection*.597}% 544
\BOOKMARK [3][-]{subsubsection*.601}{\376\377\000N\000e\000t\000w\000o\000r\000k\000\040\000C\000o\000n\000s\000t\000r\000u\000c\000t\000i\000o\000n}{subsection.3.4.3}% 545
\BOOKMARK [4][-]{paragraph*.602}{\376\377\000C\000r\000e\000a\000t\000i\000n\000g\000\040\000N\000e\000t\000w\000o\000r\000k\000s\000\040\000f\000r\000o\000m\000\040\000S\000c\000r\000a\000t\000c\000h}{subsubsection*.601}% 546
\BOOKMARK [4][-]{paragraph*.603}{\376\377\000L\000o\000a\000d\000i\000n\000g\000\040\000f\000r\000o\000m\000\040\000F\000i\000l\000e\000s}{subsubsection*.601}% 547
\BOOKMARK [3][-]{subsubsection*.604}{\376\377\000N\000e\000t\000w\000o\000r\000k\000\040\000O\000p\000e\000r\000a\000t\000i\000o\000n\000s}{subsection.3.4.3}% 548
\BOOKMARK [4][-]{paragraph*.605}{\376\377\000Q\000u\000e\000r\000y\000i\000n\000g\000\040\000N\000e\000t\000w\000o\000r\000k\000\040\000E\000l\000e\000m\000e\000n\000t\000s}{subsubsection*.604}% 549
\BOOKMARK [4][-]{paragraph*.606}{\376\377\000B\000a\000s\000i\000c\000\040\000S\000t\000a\000t\000i\000s\000t\000i\000c\000s}{subsubsection*.604}% 550
\BOOKMARK [4][-]{paragraph*.607}{\376\377\000S\000u\000b\000n\000e\000t\000w\000o\000r\000k\000\040\000E\000x\000t\000r\000a\000c\000t\000i\000o\000n}{subsubsection*.604}% 551
\BOOKMARK [4][-]{paragraph*.608}{\376\377\000M\000a\000t\000r\000i\000x\000\040\000R\000e\000p\000r\000e\000s\000e\000n\000t\000a\000t\000i\000o\000n\000s}{subsubsection*.604}% 552
\BOOKMARK [3][-]{subsubsection*.609}{\376\377\000I\000n\000t\000e\000g\000r\000a\000t\000i\000o\000n\000\040\000w\000i\000t\000h\000\040\000N\000e\000t\000w\000o\000r\000k\000X}{subsection.3.4.3}% 553
\BOOKMARK [4][-]{paragraph*.610}{\376\377\000F\000u\000l\000l\000\040\000N\000e\000t\000w\000o\000r\000k\000X\000\040\000C\000o\000m\000p\000a\000t\000i\000b\000i\000l\000i\000t\000y}{subsubsection*.609}% 554
\BOOKMARK [4][-]{paragraph*.611}{\376\377\000N\000e\000t\000w\000o\000r\000k\000X\000\040\000W\000r\000a\000p\000p\000e\000r\000s}{subsubsection*.609}% 555
\BOOKMARK [4][-]{paragraph*.612}{\376\377\000C\000o\000n\000v\000e\000r\000t\000i\000n\000g\000\040\000B\000e\000t\000w\000e\000e\000n\000\040\000F\000o\000r\000m\000a\000t\000s}{subsubsection*.609}% 556
\BOOKMARK [3][-]{subsubsection*.613}{\376\377\000P\000e\000r\000f\000o\000r\000m\000a\000n\000c\000e\000\040\000C\000o\000n\000s\000i\000d\000e\000r\000a\000t\000i\000o\000n\000s}{subsection.3.4.3}% 557
\BOOKMARK [4][-]{paragraph*.614}{\376\377\000S\000p\000a\000r\000s\000e\000\040\000v\000s\000.\000\040\000D\000e\000n\000s\000e\000\040\000M\000a\000t\000r\000i\000c\000e\000s}{subsubsection*.613}% 558
\BOOKMARK [4][-]{paragraph*.615}{\376\377\000M\000e\000m\000o\000r\000y\000\040\000U\000s\000a\000g\000e}{subsubsection*.613}% 559
\BOOKMARK [4][-]{paragraph*.616}{\376\377\000T\000e\000n\000s\000o\000r\000-\000L\000i\000k\000e\000\040\000I\000n\000d\000e\000x\000i\000n\000g}{subsubsection*.613}% 560
\BOOKMARK [3][-]{subsubsection*.617}{\376\377\000D\000e\000s\000i\000g\000n\000\040\000P\000r\000i\000n\000c\000i\000p\000l\000e\000s}{subsection.3.4.3}% 561
\BOOKMARK [3][-]{subsubsection*.618}{\376\377\000C\000o\000m\000p\000a\000r\000i\000s\000o\000n\000\040\000w\000i\000t\000h\000\040\000O\000t\000h\000e\000r\000\040\000R\000e\000p\000r\000e\000s\000e\000n\000t\000a\000t\000i\000o\000n\000s}{subsection.3.4.3}% 562
\BOOKMARK [4][-]{paragraph*.619}{\376\377\000W\000h\000y\000\040\000N\000o\000d\000e\000-\000L\000a\000y\000e\000r\000\040\000P\000a\000i\000r\000s\000?}{subsubsection*.618}% 563
\BOOKMARK [3][-]{subsubsection*.620}{\376\377\000W\000h\000a\000t\000\040\000Y\000o\000u\000\040\000L\000e\000a\000r\000n\000e\000d}{subsection.3.4.3}% 564
\BOOKMARK [3][-]{subsubsection*.621}{\376\377\000W\000h\000a\000t\040\031\000s\000\040\000N\000e\000x\000t\000?}{subsection.3.4.3}% 565
\BOOKMARK [2][-]{subsection.3.4.4}{\376\377\000D\000e\000s\000i\000g\000n\000\040\000P\000r\000i\000n\000c\000i\000p\000l\000e\000s}{section.3.4}% 566
\BOOKMARK [3][-]{subsubsection*.622}{\376\377\000C\000o\000r\000e\000\040\000P\000h\000i\000l\000o\000s\000o\000p\000h\000y}{subsection.3.4.4}% 567
\BOOKMARK [4][-]{paragraph*.623}{\376\377\000S\000i\000m\000p\000l\000e\000,\000\040\000O\000f\000f\000-\000t\000h\000e\000-\000S\000h\000e\000l\000f\000\040\000F\000u\000n\000c\000t\000i\000o\000n\000a\000l\000i\000t\000y}{subsubsection*.622}% 568
\BOOKMARK [4][-]{paragraph*.624}{\376\377\000N\000e\000t\000w\000o\000r\000k\000X\000\040\000C\000o\000m\000p\000a\000t\000i\000b\000i\000l\000i\000t\000y}{subsubsection*.622}% 569
\BOOKMARK [4][-]{paragraph*.625}{\376\377\000M\000o\000d\000u\000l\000a\000r\000\040\000A\000r\000c\000h\000i\000t\000e\000c\000t\000u\000r\000e}{subsubsection*.622}% 570
\BOOKMARK [3][-]{subsubsection*.626}{\376\377\000I\000m\000p\000l\000e\000m\000e\000n\000t\000a\000t\000i\000o\000n\000\040\000P\000r\000i\000n\000c\000i\000p\000l\000e\000s}{subsection.3.4.4}% 571
\BOOKMARK [4][-]{paragraph*.627}{\376\377\000F\000l\000e\000x\000i\000b\000i\000l\000i\000t\000y}{subsubsection*.626}% 572
\BOOKMARK [4][-]{paragraph*.628}{\376\377\000L\000a\000z\000y\000\040\000E\000v\000a\000l\000u\000a\000t\000i\000o\000n}{subsubsection*.626}% 573
\BOOKMARK [4][-]{paragraph*.629}{\376\377\000G\000r\000a\000c\000e\000f\000u\000l\000\040\000D\000e\000g\000r\000a\000d\000a\000t\000i\000o\000n}{subsubsection*.626}% 574
\BOOKMARK [4][-]{paragraph*.630}{\376\377\000E\000x\000p\000l\000i\000c\000i\000t\000\040\000O\000v\000e\000r\000\040\000I\000m\000p\000l\000i\000c\000i\000t}{subsubsection*.626}% 575
\BOOKMARK [3][-]{subsubsection*.631}{\376\377\000P\000e\000r\000f\000o\000r\000m\000a\000n\000c\000e\000\040\000C\000o\000n\000s\000i\000d\000e\000r\000a\000t\000i\000o\000n\000s}{subsection.3.4.4}% 576
\BOOKMARK [4][-]{paragraph*.632}{\376\377\000S\000p\000a\000r\000s\000e\000\040\000R\000e\000p\000r\000e\000s\000e\000n\000t\000a\000t\000i\000o\000n\000s}{subsubsection*.631}% 577
\BOOKMARK [4][-]{paragraph*.633}{\376\377\000E\000f\000f\000i\000c\000i\000e\000n\000t\000\040\000D\000a\000t\000a\000\040\000S\000t\000r\000u\000c\000t\000u\000r\000e\000s}{subsubsection*.631}% 578
\BOOKMARK [4][-]{paragraph*.634}{\376\377\000A\000l\000g\000o\000r\000i\000t\000h\000m\000i\000c\000\040\000D\000e\000f\000a\000u\000l\000t\000s}{subsubsection*.631}% 579
\BOOKMARK [3][-]{subsubsection*.635}{\376\377\000E\000x\000t\000e\000n\000s\000i\000b\000i\000l\000i\000t\000y}{subsection.3.4.4}% 580
\BOOKMARK [4][-]{paragraph*.636}{\376\377\000P\000l\000u\000g\000i\000n\000-\000F\000r\000i\000e\000n\000d\000l\000y\000\040\000A\000r\000c\000h\000i\000t\000e\000c\000t\000u\000r\000e}{subsubsection*.635}% 581
\BOOKMARK [4][-]{paragraph*.637}{\376\377\000C\000l\000e\000a\000r\000\040\000I\000n\000t\000e\000r\000f\000a\000c\000e\000s}{subsubsection*.635}% 582
\BOOKMARK [3][-]{subsubsection*.638}{\376\377\000D\000o\000c\000u\000m\000e\000n\000t\000a\000t\000i\000o\000n\000\040\000a\000n\000d\000\040\000T\000e\000s\000t\000i\000n\000g}{subsection.3.4.4}% 583
\BOOKMARK [4][-]{paragraph*.639}{\376\377\000C\000o\000m\000p\000r\000e\000h\000e\000n\000s\000i\000v\000e\000\040\000D\000o\000c\000u\000m\000e\000n\000t\000a\000t\000i\000o\000n}{subsubsection*.638}% 584
\BOOKMARK [4][-]{paragraph*.640}{\376\377\000E\000x\000t\000e\000n\000s\000i\000v\000e\000\040\000T\000e\000s\000t\000i\000n\000g}{subsubsection*.638}% 585
\BOOKMARK [3][-]{subsubsection*.641}{\376\377\000I\000n\000t\000e\000r\000o\000p\000e\000r\000a\000b\000i\000l\000i\000t\000y}{subsection.3.4.4}% 586
\BOOKMARK [4][-]{paragraph*.642}{\376\377\000S\000t\000a\000n\000d\000a\000r\000d\000\040\000F\000o\000r\000m\000a\000t\000s}{subsubsection*.641}% 587
\BOOKMARK [4][-]{paragraph*.643}{\376\377\000C\000r\000o\000s\000s\000-\000P\000l\000a\000t\000f\000o\000r\000m\000\040\000C\000o\000m\000p\000a\000t\000i\000b\000i\000l\000i\000t\000y}{subsubsection*.641}% 588
\BOOKMARK [3][-]{subsubsection*.644}{\376\377\000R\000e\000s\000e\000a\000r\000c\000h\000-\000O\000r\000i\000e\000n\000t\000e\000d\000\040\000D\000e\000s\000i\000g\000n}{subsection.3.4.4}% 589
\BOOKMARK [4][-]{paragraph*.645}{\376\377\000C\000i\000t\000a\000t\000i\000o\000n\000\040\000a\000n\000d\000\040\000A\000t\000t\000r\000i\000b\000u\000t\000i\000o\000n}{subsubsection*.644}% 590
\BOOKMARK [4][-]{paragraph*.646}{\376\377\000R\000e\000p\000r\000o\000d\000u\000c\000i\000b\000i\000l\000i\000t\000y}{subsubsection*.644}% 591
\BOOKMARK [4][-]{paragraph*.647}{\376\377\000V\000a\000l\000i\000d\000a\000t\000i\000o\000n\000\040\000a\000n\000d\000\040\000B\000e\000n\000c\000h\000m\000a\000r\000k\000i\000n\000g}{subsubsection*.644}% 592
\BOOKMARK [3][-]{subsubsection*.648}{\376\377\000P\000r\000a\000c\000t\000i\000c\000a\000l\000\040\000I\000m\000p\000l\000i\000c\000a\000t\000i\000o\000n\000s}{subsection.3.4.4}% 593
\BOOKMARK [4][-]{paragraph*.649}{\376\377\000F\000o\000r\000\040\000U\000s\000e\000r\000s}{subsubsection*.648}% 594
\BOOKMARK [4][-]{paragraph*.650}{\376\377\000F\000o\000r\000\040\000C\000o\000n\000t\000r\000i\000b\000u\000t\000o\000r\000s}{subsubsection*.648}% 595
\BOOKMARK [3][-]{subsubsection*.651}{\376\377\000C\000o\000m\000p\000a\000r\000i\000s\000o\000n\000\040\000w\000i\000t\000h\000\040\000O\000t\000h\000e\000r\000\040\000L\000i\000b\000r\000a\000r\000i\000e\000s}{subsection.3.4.4}% 596
\BOOKMARK [4][-]{paragraph*.652}{\376\377\000p\000y\0003\000p\000l\000e\000x\000\040\000v\000s\000.\000\040\000P\000u\000r\000e\000\040\000N\000e\000t\000w\000o\000r\000k\000X}{subsubsection*.651}% 597
\BOOKMARK [4][-]{paragraph*.653}{\376\377\000p\000y\0003\000p\000l\000e\000x\000\040\000v\000s\000.\000\040\000O\000t\000h\000e\000r\000\040\000M\000u\000l\000t\000i\000l\000a\000y\000e\000r\000\040\000T\000o\000o\000l\000s}{subsubsection*.651}% 598
\BOOKMARK [3][-]{subsubsection*.654}{\376\377\000W\000h\000a\000t\000\040\000Y\000o\000u\000\040\000L\000e\000a\000r\000n\000e\000d}{subsection.3.4.4}% 599
\BOOKMARK [3][-]{subsubsection*.655}{\376\377\000W\000h\000a\000t\040\031\000s\000\040\000N\000e\000x\000t\000?}{subsection.3.4.4}% 600
\BOOKMARK [2][-]{subsection.3.4.5}{\376\377\000A\000l\000g\000o\000r\000i\000t\000h\000m\000\040\000L\000a\000n\000d\000s\000c\000a\000p\000e}{section.3.4}% 601
\BOOKMARK [3][-]{subsubsection*.656}{\376\377\000O\000v\000e\000r\000v\000i\000e\000w}{subsection.3.4.5}% 602
\BOOKMARK [3][-]{subsubsection*.657}{\376\377\000C\000o\000m\000m\000u\000n\000i\000t\000y\000\040\000D\000e\000t\000e\000c\000t\000i\000o\000n}{subsection.3.4.5}% 603
\BOOKMARK [4][-]{paragraph*.658}{\376\377\000W\000h\000e\000n\000\040\000t\000o\000\040\000U\000s\000e}{subsubsection*.657}% 604
\BOOKMARK [4][-]{paragraph*.659}{\376\377\000A\000l\000g\000o\000r\000i\000t\000h\000m\000\040\000F\000a\000m\000i\000l\000i\000e\000s}{subsubsection*.657}% 605
\BOOKMARK [4][-]{paragraph*.660}{\376\377\000C\000h\000o\000o\000s\000i\000n\000g\000\040\000a\000\040\000C\000o\000m\000m\000u\000n\000i\000t\000y\000\040\000D\000e\000t\000e\000c\000t\000i\000o\000n\000\040\000M\000e\000t\000h\000o\000d}{subsubsection*.657}% 606
\BOOKMARK [3][-]{subsubsection*.661}{\376\377\000C\000e\000n\000t\000r\000a\000l\000i\000t\000y\000\040\000\046\000\040\000I\000m\000p\000o\000r\000t\000a\000n\000c\000e}{subsection.3.4.5}% 607
\BOOKMARK [4][-]{paragraph*.662}{\376\377\000W\000h\000e\000n\000\040\000t\000o\000\040\000U\000s\000e}{subsubsection*.661}% 608
\BOOKMARK [4][-]{paragraph*.663}{\376\377\000A\000l\000g\000o\000r\000i\000t\000h\000m\000\040\000F\000a\000m\000i\000l\000i\000e\000s}{subsubsection*.661}% 609
\BOOKMARK [4][-]{paragraph*.664}{\376\377\000C\000h\000o\000o\000s\000i\000n\000g\000\040\000a\000\040\000C\000e\000n\000t\000r\000a\000l\000i\000t\000y\000\040\000M\000e\000a\000s\000u\000r\000e}{subsubsection*.661}% 610
\BOOKMARK [3][-]{subsubsection*.665}{\376\377\000N\000o\000d\000e\000\040\000R\000a\000n\000k\000i\000n\000g\000\040\000\046\000\040\000C\000l\000a\000s\000s\000i\000f\000i\000c\000a\000t\000i\000o\000n}{subsection.3.4.5}% 611
\BOOKMARK [4][-]{paragraph*.666}{\376\377\000W\000h\000e\000n\000\040\000t\000o\000\040\000U\000s\000e}{subsubsection*.665}% 612
\BOOKMARK [4][-]{paragraph*.667}{\376\377\000A\000p\000p\000r\000o\000a\000c\000h\000e\000s}{subsubsection*.665}% 613
\BOOKMARK [3][-]{subsubsection*.668}{\376\377\000N\000e\000t\000w\000o\000r\000k\000\040\000S\000t\000a\000t\000i\000s\000t\000i\000c\000s}{subsection.3.4.5}% 614
\BOOKMARK [4][-]{paragraph*.669}{\376\377\000W\000h\000e\000n\000\040\000t\000o\000\040\000U\000s\000e}{subsubsection*.668}% 615
\BOOKMARK [4][-]{paragraph*.670}{\376\377\000S\000t\000a\000t\000i\000s\000t\000i\000c\000\040\000F\000a\000m\000i\000l\000i\000e\000s}{subsubsection*.668}% 616
\BOOKMARK [3][-]{subsubsection*.671}{\376\377\000R\000a\000n\000d\000o\000m\000\040\000W\000a\000l\000k\000s\000\040\000\046\000\040\000E\000m\000b\000e\000d\000d\000i\000n\000g\000s}{subsection.3.4.5}% 617
\BOOKMARK [4][-]{paragraph*.672}{\376\377\000W\000h\000e\000n\000\040\000t\000o\000\040\000U\000s\000e}{subsubsection*.671}% 618
\BOOKMARK [4][-]{paragraph*.673}{\376\377\000A\000l\000g\000o\000r\000i\000t\000h\000m\000\040\000F\000a\000m\000i\000l\000i\000e\000s}{subsubsection*.671}% 619
\BOOKMARK [4][-]{paragraph*.674}{\376\377\000C\000h\000o\000o\000s\000i\000n\000g\000\040\000W\000a\000l\000k\000\040\000P\000a\000r\000a\000m\000e\000t\000e\000r\000s}{subsubsection*.671}% 620
\BOOKMARK [3][-]{subsubsection*.675}{\376\377\000V\000i\000s\000u\000a\000l\000i\000z\000a\000t\000i\000o\000n\000\040\000\046\000\040\000L\000a\000y\000o\000u\000t}{subsection.3.4.5}% 621
\BOOKMARK [4][-]{paragraph*.676}{\376\377\000W\000h\000e\000n\000\040\000t\000o\000\040\000U\000s\000e}{subsubsection*.675}% 622
\BOOKMARK [4][-]{paragraph*.677}{\376\377\000L\000a\000y\000o\000u\000t\000\040\000F\000a\000m\000i\000l\000i\000e\000s}{subsubsection*.675}% 623
\BOOKMARK [3][-]{subsubsection*.678}{\376\377\000B\000e\000n\000c\000h\000m\000a\000r\000k\000i\000n\000g\000\040\000\046\000\040\000G\000e\000n\000e\000r\000a\000t\000i\000o\000n}{subsection.3.4.5}% 624
\BOOKMARK [4][-]{paragraph*.679}{\376\377\000W\000h\000e\000n\000\040\000t\000o\000\040\000U\000s\000e}{subsubsection*.678}% 625
\BOOKMARK [4][-]{paragraph*.680}{\376\377\000G\000e\000n\000e\000r\000a\000t\000o\000r\000\040\000F\000a\000m\000i\000l\000i\000e\000s}{subsubsection*.678}% 626
\BOOKMARK [3][-]{subsubsection*.681}{\376\377\000A\000l\000g\000o\000r\000i\000t\000h\000m\000\040\000C\000o\000m\000b\000i\000n\000a\000t\000i\000o\000n\000s}{subsection.3.4.5}% 627
\BOOKMARK [4][-]{paragraph*.682}{\376\377\000C\000o\000m\000m\000o\000n\000\040\000W\000o\000r\000k\000f\000l\000o\000w\000s}{subsubsection*.681}% 628
\BOOKMARK [3][-]{subsubsection*.683}{\376\377\000P\000e\000r\000f\000o\000r\000m\000a\000n\000c\000e\000\040\000C\000o\000n\000s\000i\000d\000e\000r\000a\000t\000i\000o\000n\000s}{subsection.3.4.5}% 629
\BOOKMARK [4][-]{paragraph*.684}{\376\377\000A\000l\000g\000o\000r\000i\000t\000h\000m\000\040\000C\000o\000m\000p\000l\000e\000x\000i\000t\000y}{subsubsection*.683}% 630
\BOOKMARK [3][-]{subsubsection*.685}{\376\377\000N\000e\000x\000t\000\040\000S\000t\000e\000p\000s}{subsection.3.4.5}% 631
\BOOKMARK [1][-]{section.3.5}{\376\377\000P\000a\000r\000t\000\040\000V\000:\000\040\000A\000P\000I\000\040\000\046\000\040\000D\000S\000L\000\040\000R\000e\000f\000e\000r\000e\000n\000c\000e}{chapter.3}% 632
\BOOKMARK [2][-]{subsection.3.5.1}{\376\377\000A\000P\000I\000\040\000\046\000\040\000D\000S\000L\000\040\000R\000e\000f\000e\000r\000e\000n\000c\000e}{section.3.5}% 633
\BOOKMARK [3][-]{subsubsection*.686}{\376\377\000P\000y\000t\000h\000o\000n\000\040\000A\000P\000I\000\040\000R\000e\000f\000e\000r\000e\000n\000c\000e}{subsection.3.5.1}% 634
\BOOKMARK [3][-]{subsubsection*.687}{\376\377\000D\000S\000L\000\040\000\046\000\040\000Q\000u\000e\000r\000y\000\040\000R\000e\000f\000e\000r\000e\000n\000c\000e}{subsection.3.5.1}% 635
\BOOKMARK [2][-]{subsection.3.5.2}{\376\377\000A\000l\000g\000o\000r\000i\000t\000h\000m\000\040\000R\000o\000a\000d\000m\000a\000p}{section.3.5}% 636
\BOOKMARK [3][-]{subsubsection*.688}{\376\377\000A\000l\000g\000o\000r\000i\000t\000h\000m\000\040\000C\000a\000t\000e\000g\000o\000r\000i\000e\000s}{subsection.3.5.2}% 637
\BOOKMARK [3][-]{subsubsection*.689}{\376\377\000C\000o\000m\000m\000u\000n\000i\000t\000y\000\040\000D\000e\000t\000e\000c\000t\000i\000o\000n\000\040\000A\000l\000g\000o\000r\000i\000t\000h\000m\000s}{subsection.3.5.2}% 638
\BOOKMARK [4][-]{paragraph*.690}{\376\377\000L\000o\000u\000v\000a\000i\000n\000\040\000A\000l\000g\000o\000r\000i\000t\000h\000m}{subsubsection*.689}% 639
\BOOKMARK [4][-]{paragraph*.691}{\376\377\000I\000n\000f\000o\000m\000a\000p\000\040\000A\000l\000g\000o\000r\000i\000t\000h\000m}{subsubsection*.689}% 640
\BOOKMARK [4][-]{paragraph*.692}{\376\377\000M\000u\000l\000t\000i\000l\000a\000y\000e\000r\000\040\000L\000o\000u\000v\000a\000i\000n}{subsubsection*.689}% 641
\BOOKMARK [4][-]{paragraph*.693}{\376\377\000L\000e\000i\000d\000e\000n\000\040\000A\000l\000g\000o\000r\000i\000t\000h\000m}{subsubsection*.689}% 642
\BOOKMARK [4][-]{paragraph*.694}{\376\377\000N\000o\000R\000C\000\040\000A\000l\000g\000o\000r\000i\000t\000h\000m}{subsubsection*.689}% 643
\BOOKMARK [4][-]{paragraph*.695}{\376\377\000C\000o\000m\000m\000u\000n\000i\000t\000y\000\040\000M\000e\000a\000s\000u\000r\000e\000s}{subsubsection*.689}% 644
\BOOKMARK [4][-]{paragraph*.696}{\376\377\000C\000o\000m\000m\000u\000n\000i\000t\000y\000\040\000R\000a\000n\000k\000i\000n\000g}{subsubsection*.689}% 645
\BOOKMARK [4][-]{paragraph*.697}{\376\377\000M\000u\000l\000t\000i\000l\000a\000y\000e\000r\000\040\000B\000e\000n\000c\000h\000m\000a\000r\000k\000s}{subsubsection*.689}% 646
\BOOKMARK [3][-]{subsubsection*.698}{\376\377\000C\000e\000n\000t\000r\000a\000l\000i\000t\000y\000\040\000M\000e\000a\000s\000u\000r\000e\000s}{subsection.3.5.2}% 647
\BOOKMARK [4][-]{paragraph*.699}{\376\377\000M\000u\000l\000t\000i\000l\000a\000y\000e\000r\000C\000e\000n\000t\000r\000a\000l\000i\000t\000y\000\040\000C\000l\000a\000s\000s}{subsubsection*.698}% 648
\BOOKMARK [5][-]{subparagraph*.700}{\376\377\000B\000a\000s\000i\000c\000\040\000C\000e\000n\000t\000r\000a\000l\000i\000t\000y\000\040\000M\000e\000a\000s\000u\000r\000e\000s}{paragraph*.699}% 649
\BOOKMARK [5][-]{subparagraph*.701}{\376\377\000E\000i\000g\000e\000n\000v\000e\000c\000t\000o\000r\000-\000B\000a\000s\000e\000d\000\040\000M\000e\000a\000s\000u\000r\000e\000s}{paragraph*.699}% 650
\BOOKMARK [4][-]{paragraph*.702}{\376\377\000M\000u\000l\000t\000i\000l\000a\000y\000e\000r\000\040\000P\000a\000g\000e\000R\000a\000n\000k\000\040\000\050\000w\000i\000t\000h\000\040\000U\000n\000c\000e\000r\000t\000a\000i\000n\000t\000y\000\051}{subsubsection*.698}% 651
\BOOKMARK [5][-]{subparagraph*.703}{\376\377\000A\000p\000p\000r\000o\000x\000i\000m\000a\000t\000e\000\040\000C\000e\000n\000t\000r\000a\000l\000i\000t\000y\000\040\000A\000l\000g\000o\000r\000i\000t\000h\000m\000s\000\040\000\050\000F\000a\000s\000t\000\040\000P\000a\000t\000h\000\051}{paragraph*.702}% 652
\BOOKMARK [5][-]{subparagraph*.704}{\376\377\000P\000a\000t\000h\000-\000B\000a\000s\000e\000d\000\040\000M\000e\000a\000s\000u\000r\000e\000s}{paragraph*.702}% 653
\BOOKMARK [4][-]{paragraph*.705}{\376\377\000H\000u\000b\000s\000\040\000a\000n\000d\000\040\000A\000u\000t\000h\000o\000r\000i\000t\000i\000e\000s\000\040\000\050\000H\000I\000T\000S\000\051}{subsubsection*.698}% 654
\BOOKMARK [5][-]{subparagraph*.706}{\376\377\000U\000t\000i\000l\000i\000t\000y\000\040\000F\000u\000n\000c\000t\000i\000o\000n\000s}{paragraph*.705}% 655
\BOOKMARK [4][-]{paragraph*.707}{\376\377\000V\000e\000r\000s\000a\000t\000i\000l\000i\000t\000y\000\040\000C\000e\000n\000t\000r\000a\000l\000i\000t\000y}{subsubsection*.698}% 656
\BOOKMARK [4][-]{paragraph*.708}{\376\377\000S\000u\000p\000r\000a\000\040\000M\000a\000t\000r\000i\000x\000\040\000F\000u\000n\000c\000t\000i\000o\000n\000\040\000C\000e\000n\000t\000r\000a\000l\000i\000t\000i\000e\000s}{subsubsection*.698}% 657
\BOOKMARK [4][-]{paragraph*.709}{\376\377\000M\000u\000l\000t\000i\000X\000R\000a\000n\000k}{subsubsection*.698}% 658
\BOOKMARK [3][-]{subsubsection*.710}{\376\377\000N\000e\000t\000w\000o\000r\000k\000\040\000S\000t\000a\000t\000i\000s\000t\000i\000c\000s}{subsection.3.5.2}% 659
\BOOKMARK [4][-]{paragraph*.711}{\376\377\000M\000u\000l\000t\000i\000l\000a\000y\000e\000r\000\040\000S\000t\000a\000t\000i\000s\000t\000i\000c\000s}{subsubsection*.710}% 660
\BOOKMARK [4][-]{paragraph*.712}{\376\377\000M\000u\000l\000t\000i\000l\000a\000y\000e\000r\000\040\000S\000t\000a\000t\000i\000s\000t\000i\000c\000s\000\040\000\050\000D\000e\000t\000a\000i\000l\000e\000d\000\051}{subsubsection*.710}% 661
\BOOKMARK [4][-]{paragraph*.713}{\376\377\000B\000a\000s\000i\000c\000\040\000S\000t\000a\000t\000i\000s\000t\000i\000c\000s}{subsubsection*.710}% 662
\BOOKMARK [4][-]{paragraph*.714}{\376\377\000T\000o\000p\000o\000l\000o\000g\000y\000\040\000A\000n\000a\000l\000y\000s\000i\000s}{subsubsection*.710}% 663
\BOOKMARK [4][-]{paragraph*.715}{\376\377\000C\000o\000r\000r\000e\000l\000a\000t\000i\000o\000n\000\040\000N\000e\000t\000w\000o\000r\000k\000s}{subsubsection*.710}% 664
\BOOKMARK [4][-]{paragraph*.716}{\376\377\000E\000n\000r\000i\000c\000h\000m\000e\000n\000t\000\040\000A\000n\000a\000l\000y\000s\000i\000s}{subsubsection*.710}% 665
\BOOKMARK [4][-]{paragraph*.717}{\376\377\000S\000t\000a\000t\000i\000s\000t\000i\000c\000a\000l\000\040\000C\000o\000m\000p\000a\000r\000i\000s\000o\000n}{subsubsection*.710}% 666
\BOOKMARK [4][-]{paragraph*.718}{\376\377\000P\000o\000w\000e\000r\000\040\000L\000a\000w\000\040\000A\000n\000a\000l\000y\000s\000i\000s}{subsubsection*.710}% 667
\BOOKMARK [3][-]{subsubsection*.719}{\376\377\000N\000o\000d\000e\000\040\000R\000a\000n\000k\000i\000n\000g\000\040\000\046\000\040\000C\000l\000a\000s\000s\000i\000f\000i\000c\000a\000t\000i\000o\000n}{subsection.3.5.2}% 668
\BOOKMARK [4][-]{paragraph*.720}{\376\377\000N\000o\000d\000e\000\040\000R\000a\000n\000k\000i\000n\000g}{subsubsection*.719}% 669
\BOOKMARK [4][-]{paragraph*.721}{\376\377\000L\000a\000b\000e\000l\000\040\000P\000r\000o\000p\000a\000g\000a\000t\000i\000o\000n}{subsubsection*.719}% 670
\BOOKMARK [4][-]{paragraph*.722}{\376\377\000P\000e\000r\000s\000o\000n\000a\000l\000i\000z\000e\000d\000\040\000P\000a\000g\000e\000R\000a\000n\000k\000\040\000\050\000P\000P\000R\000\051}{subsubsection*.719}% 671
\BOOKMARK [3][-]{subsubsection*.723}{\376\377\000R\000a\000n\000d\000o\000m\000\040\000W\000a\000l\000k\000s\000\040\000\046\000\040\000E\000m\000b\000e\000d\000d\000i\000n\000g\000s}{subsection.3.5.2}% 672
\BOOKMARK [4][-]{paragraph*.724}{\376\377\000R\000a\000n\000d\000o\000m\000\040\000W\000a\000l\000k\000\040\000P\000r\000i\000m\000i\000t\000i\000v\000e\000s}{subsubsection*.723}% 673
\BOOKMARK [4][-]{paragraph*.725}{\376\377\000N\000o\000d\000e\0002\000V\000e\000c\000\040\000E\000m\000b\000e\000d\000d\000i\000n\000g}{subsubsection*.723}% 674
\BOOKMARK [4][-]{paragraph*.726}{\376\377\000D\000e\000e\000p\000W\000a\000l\000k\000\040\000E\000m\000b\000e\000d\000d\000i\000n\000g}{subsubsection*.723}% 675
\BOOKMARK [4][-]{paragraph*.727}{\376\377\000E\000n\000t\000a\000n\000g\000l\000e\000m\000e\000n\000t\000\040\000A\000n\000a\000l\000y\000s\000i\000s}{subsubsection*.723}% 676
\BOOKMARK [3][-]{subsubsection*.728}{\376\377\000V\000i\000s\000u\000a\000l\000i\000z\000a\000t\000i\000o\000n\000\040\000A\000l\000g\000o\000r\000i\000t\000h\000m\000s}{subsection.3.5.2}% 677
\BOOKMARK [4][-]{paragraph*.729}{\376\377\000L\000a\000y\000o\000u\000t\000\040\000A\000l\000g\000o\000r\000i\000t\000h\000m\000s}{subsubsection*.728}% 678
\BOOKMARK [4][-]{paragraph*.730}{\376\377\000M\000u\000l\000t\000i\000l\000a\000y\000e\000r\000\040\000V\000i\000s\000u\000a\000l\000i\000z\000a\000t\000i\000o\000n}{subsubsection*.728}% 679
\BOOKMARK [4][-]{paragraph*.731}{\376\377\000D\000r\000a\000w\000i\000n\000g\000\040\000M\000a\000c\000h\000i\000n\000e\000r\000y}{subsubsection*.728}% 680
\BOOKMARK [4][-]{paragraph*.732}{\376\377\000C\000o\000l\000o\000r\000\040\000S\000c\000h\000e\000m\000e\000s}{subsubsection*.728}% 681
\BOOKMARK [4][-]{paragraph*.733}{\376\377\000E\000m\000b\000e\000d\000d\000i\000n\000g\000\040\000V\000i\000s\000u\000a\000l\000i\000z\000a\000t\000i\000o\000n}{subsubsection*.728}% 682
\BOOKMARK [3][-]{subsubsection*.734}{\376\377\000B\000e\000n\000c\000h\000m\000a\000r\000k\000\040\000\046\000\040\000U\000t\000i\000l\000i\000t\000i\000e\000s}{subsection.3.5.2}% 683
\BOOKMARK [4][-]{paragraph*.735}{\376\377\000N\000e\000t\000w\000o\000r\000k\000\040\000C\000l\000a\000s\000s\000i\000f\000i\000c\000a\000t\000i\000o\000n\000\040\000B\000e\000n\000c\000h\000m\000a\000r\000k}{subsubsection*.734}% 684
\BOOKMARK [4][-]{paragraph*.736}{\376\377\000B\000e\000n\000c\000h\000m\000a\000r\000k\000\040\000V\000i\000s\000u\000a\000l\000i\000z\000a\000t\000i\000o\000n\000s}{subsubsection*.734}% 685
\BOOKMARK [3][-]{subsubsection*.737}{\376\377\000A\000l\000g\000o\000r\000i\000t\000h\000m\000\040\000S\000e\000l\000e\000c\000t\000i\000o\000n\000\040\000G\000u\000i\000d\000e}{subsection.3.5.2}% 686
\BOOKMARK [4][-]{paragraph*.738}{\376\377\000B\000y\000\040\000T\000a\000s\000k\000\040\000T\000y\000p\000e}{subsubsection*.737}% 687
\BOOKMARK [4][-]{paragraph*.739}{\376\377\000B\000y\000\040\000N\000e\000t\000w\000o\000r\000k\000\040\000S\000i\000z\000e}{subsubsection*.737}% 688
\BOOKMARK [4][-]{paragraph*.740}{\376\377\000B\000y\000\040\000N\000e\000t\000w\000o\000r\000k\000\040\000T\000y\000p\000e}{subsubsection*.737}% 689
\BOOKMARK [3][-]{subsubsection*.741}{\376\377\000A\000l\000g\000o\000r\000i\000t\000h\000m\000\040\000D\000e\000p\000e\000n\000d\000e\000n\000c\000i\000e\000s}{subsection.3.5.2}% 690
\BOOKMARK [3][-]{subsubsection*.742}{\376\377\000C\000o\000m\000m\000o\000n\000\040\000A\000l\000g\000o\000r\000i\000t\000h\000m\000\040\000W\000o\000r\000k\000f\000l\000o\000w\000s}{subsection.3.5.2}% 691
\BOOKMARK [4][-]{paragraph*.743}{\376\377\000C\000o\000m\000m\000u\000n\000i\000t\000y\000\040\000D\000e\000t\000e\000c\000t\000i\000o\000n\000\040\000W\000o\000r\000k\000f\000l\000o\000w}{subsubsection*.742}% 692
\BOOKMARK [4][-]{paragraph*.744}{\376\377\000C\000e\000n\000t\000r\000a\000l\000i\000t\000y\000\040\000A\000n\000a\000l\000y\000s\000i\000s\000\040\000W\000o\000r\000k\000f\000l\000o\000w}{subsubsection*.742}% 693
\BOOKMARK [4][-]{paragraph*.745}{\376\377\000E\000m\000b\000e\000d\000d\000i\000n\000g\000\040\000W\000o\000r\000k\000f\000l\000o\000w}{subsubsection*.742}% 694
\BOOKMARK [4][-]{paragraph*.746}{\376\377\000S\000t\000a\000t\000i\000s\000t\000i\000c\000a\000l\000\040\000A\000n\000a\000l\000y\000s\000i\000s\000\040\000W\000o\000r\000k\000f\000l\000o\000w}{subsubsection*.742}% 695
\BOOKMARK [3][-]{subsubsection*.747}{\376\377\000F\000u\000r\000t\000h\000e\000r\000\040\000R\000e\000a\000d\000i\000n\000g}{subsection.3.5.2}% 696
\BOOKMARK [3][-]{subsubsection*.748}{\376\377\000C\000i\000t\000a\000t\000i\000o\000n\000\040\000I\000n\000f\000o\000r\000m\000a\000t\000i\000o\000n}{subsection.3.5.2}% 697
\BOOKMARK [2][-]{subsection.3.5.3}{\376\377\000D\000S\000L\000\040\000R\000e\000f\000e\000r\000e\000n\000c\000e}{section.3.5}% 698
\BOOKMARK [3][-]{subsubsection*.749}{\376\377\000O\000v\000e\000r\000v\000i\000e\000w}{subsection.3.5.3}% 699
\BOOKMARK [3][-]{subsubsection*.750}{\376\377\000S\000t\000r\000i\000n\000g\000\040\000S\000y\000n\000t\000a\000x\000\040\000R\000e\000f\000e\000r\000e\000n\000c\000e}{subsection.3.5.3}% 700
\BOOKMARK [4][-]{paragraph*.751}{\376\377\000B\000a\000s\000i\000c\000\040\000S\000t\000r\000u\000c\000t\000u\000r\000e}{subsubsection*.750}% 701
\BOOKMARK [4][-]{paragraph*.752}{\376\377\000T\000a\000r\000g\000e\000t\000s}{subsubsection*.750}% 702
\BOOKMARK [4][-]{paragraph*.753}{\376\377\000L\000a\000y\000e\000r\000\040\000S\000e\000l\000e\000c\000t\000i\000o\000n}{subsubsection*.750}% 703
\BOOKMARK [4][-]{paragraph*.754}{\376\377\000C\000o\000n\000d\000i\000t\000i\000o\000n\000s}{subsubsection*.750}% 704
\BOOKMARK [4][-]{paragraph*.755}{\376\377\000C\000o\000m\000p\000u\000t\000e\000\040\000C\000l\000a\000u\000s\000e}{subsubsection*.750}% 705
\BOOKMARK [4][-]{paragraph*.756}{\376\377\000O\000r\000d\000e\000r\000\040\000B\000y}{subsubsection*.750}% 706
\BOOKMARK [4][-]{paragraph*.757}{\376\377\000L\000i\000m\000i\000t}{subsubsection*.750}% 707
\BOOKMARK [4][-]{paragraph*.758}{\376\377\000C\000o\000m\000p\000l\000e\000t\000e\000\040\000E\000x\000a\000m\000p\000l\000e\000s}{subsubsection*.750}% 708
\BOOKMARK [3][-]{subsubsection*.759}{\376\377\000B\000u\000i\000l\000d\000e\000r\000\040\000A\000P\000I\000\040\000R\000e\000f\000e\000r\000e\000n\000c\000e}{subsection.3.5.3}% 709
\BOOKMARK [4][-]{paragraph*.760}{\376\377\000I\000m\000p\000o\000r\000t}{subsubsection*.759}% 710
\BOOKMARK [4][-]{paragraph*.761}{\376\377\000Q\000u\000e\000r\000y\000\040\000C\000o\000n\000s\000t\000r\000u\000c\000t\000i\000o\000n}{subsubsection*.759}% 711
\BOOKMARK [4][-]{paragraph*.762}{\376\377\000L\000a\000y\000e\000r\000\040\000S\000e\000l\000e\000c\000t\000i\000o\000n}{subsubsection*.759}% 712
\BOOKMARK [4][-]{paragraph*.763}{\376\377\000F\000i\000l\000t\000e\000r\000i\000n\000g}{subsubsection*.759}% 713
\BOOKMARK [4][-]{paragraph*.764}{\376\377\000C\000o\000m\000p\000u\000t\000i\000n\000g\000\040\000M\000e\000t\000r\000i\000c\000s}{subsubsection*.759}% 714
\BOOKMARK [4][-]{paragraph*.765}{\376\377\000R\000o\000w\000-\000w\000i\000s\000e\000\040\000T\000r\000a\000n\000s\000f\000o\000r\000m\000a\000t\000i\000o\000n\000s\000\040\000\050\000M\000u\000t\000a\000t\000e\000\051}{subsubsection*.759}% 715
\BOOKMARK [4][-]{paragraph*.766}{\376\377\000S\000o\000r\000t\000i\000n\000g}{subsubsection*.759}% 716
\BOOKMARK [4][-]{paragraph*.767}{\376\377\000L\000i\000m\000i\000t\000i\000n\000g}{subsubsection*.759}% 717
\BOOKMARK [4][-]{paragraph*.768}{\376\377\000E\000x\000e\000c\000u\000t\000i\000o\000n}{subsubsection*.759}% 718
\BOOKMARK [4][-]{paragraph*.769}{\376\377\000C\000h\000a\000i\000n\000i\000n\000g}{subsubsection*.759}% 719
\BOOKMARK [3][-]{subsubsection*.770}{\376\377\000T\000e\000m\000p\000o\000r\000a\000l\000\040\000Q\000u\000e\000r\000i\000e\000s}{subsection.3.5.3}% 720
\BOOKMARK [4][-]{paragraph*.771}{\376\377\000F\000i\000l\000t\000e\000r\000\040\000b\000y\000\040\000T\000i\000m\000e\000\040\000P\000o\000i\000n\000t}{subsubsection*.770}% 721
\BOOKMARK [4][-]{paragraph*.772}{\376\377\000F\000i\000l\000t\000e\000r\000\040\000b\000y\000\040\000T\000i\000m\000e\000\040\000R\000a\000n\000g\000e}{subsubsection*.770}% 722
\BOOKMARK [4][-]{paragraph*.773}{\376\377\000T\000e\000m\000p\000o\000r\000a\000l\000\040\000E\000d\000g\000e\000\040\000A\000t\000t\000r\000i\000b\000u\000t\000e\000s}{subsubsection*.770}% 723
\BOOKMARK [3][-]{subsubsection*.774}{\376\377\000G\000r\000o\000u\000p\000i\000n\000g\000\040\000a\000n\000d\000\040\000C\000o\000v\000e\000r\000a\000g\000e\000\040\000Q\000u\000e\000r\000i\000e\000s}{subsection.3.5.3}% 724
\BOOKMARK [4][-]{paragraph*.775}{\376\377\000P\000e\000r\000-\000L\000a\000y\000e\000r\000\040\000G\000r\000o\000u\000p\000i\000n\000g}{subsubsection*.774}% 725
\BOOKMARK [4][-]{paragraph*.776}{\376\377\000T\000o\000p\000-\000K\000\040\000P\000e\000r\000\040\000G\000r\000o\000u\000p}{subsubsection*.774}% 726
\BOOKMARK [4][-]{paragraph*.777}{\376\377\000C\000o\000v\000e\000r\000a\000g\000e\000\040\000F\000i\000l\000t\000e\000r\000i\000n\000g}{subsubsection*.774}% 727
\BOOKMARK [4][-]{paragraph*.778}{\376\377\000W\000i\000l\000d\000c\000a\000r\000d\000\040\000L\000a\000y\000e\000r\000\040\000S\000e\000l\000e\000c\000t\000i\000o\000n}{subsubsection*.774}% 728
\BOOKMARK [4][-]{paragraph*.779}{\376\377\000G\000e\000n\000e\000r\000a\000l\000\040\000G\000r\000o\000u\000p\000i\000n\000g}{subsubsection*.774}% 729
\BOOKMARK [4][-]{paragraph*.780}{\376\377\000L\000i\000m\000i\000t\000a\000t\000i\000o\000n\000s}{subsubsection*.774}% 730
\BOOKMARK [3][-]{subsubsection*.781}{\376\377\000E\000x\000p\000l\000a\000i\000n\000i\000n\000g\000\040\000R\000e\000s\000u\000l\000t\000s}{subsection.3.5.3}% 731
\BOOKMARK [4][-]{paragraph*.782}{\376\377\000E\000x\000e\000c\000u\000t\000i\000o\000n\000\040\000P\000l\000a\000n\000\040\000M\000o\000d\000e}{subsubsection*.781}% 732
\BOOKMARK [4][-]{paragraph*.783}{\376\377\000E\000x\000p\000l\000a\000n\000a\000t\000i\000o\000n\000s\000\040\000M\000o\000d\000e}{subsubsection*.781}% 733
\BOOKMARK [4][-]{paragraph*.784}{\376\377\000A\000v\000a\000i\000l\000a\000b\000l\000e\000\040\000E\000x\000p\000l\000a\000n\000a\000t\000i\000o\000n\000\040\000B\000l\000o\000c\000k\000s}{subsubsection*.781}% 734
\BOOKMARK [4][-]{paragraph*.785}{\376\377\000A\000t\000t\000r\000i\000b\000u\000t\000i\000o\000n\000\040\000B\000l\000o\000c\000k}{subsubsection*.781}% 735
\BOOKMARK [3][-]{subsubsection*.786}{\376\377\000W\000o\000r\000k\000i\000n\000g\000\040\000w\000i\000t\000h\000\040\000R\000e\000s\000u\000l\000t\000s}{subsection.3.5.3}% 736
\BOOKMARK [4][-]{paragraph*.787}{\376\377\000R\000e\000s\000u\000l\000t\000\040\000O\000b\000j\000e\000c\000t}{subsubsection*.786}% 737
\BOOKMARK [4][-]{paragraph*.788}{\376\377\000C\000o\000n\000v\000e\000r\000t\000\040\000t\000o\000\040\000P\000a\000n\000d\000a\000s}{subsubsection*.786}% 738
\BOOKMARK [3][-]{subsubsection*.789}{\376\377\000E\000x\000t\000e\000n\000s\000i\000b\000i\000l\000i\000t\000y}{subsection.3.5.3}% 739
\BOOKMARK [4][-]{paragraph*.790}{\376\377\000C\000u\000s\000t\000o\000m\000\040\000O\000p\000e\000r\000a\000t\000o\000r\000s}{subsubsection*.789}% 740
\BOOKMARK [3][-]{subsubsection*.791}{\376\377\000P\000e\000r\000f\000o\000r\000m\000a\000n\000c\000e\000\040\000C\000o\000n\000s\000i\000d\000e\000r\000a\000t\000i\000o\000n\000s}{subsection.3.5.3}% 741
\BOOKMARK [3][-]{subsubsection*.792}{\376\377\000N\000e\000x\000t\000\040\000S\000t\000e\000p\000s}{subsection.3.5.3}% 742
\BOOKMARK [2][-]{subsection.3.5.4}{\376\377\000L\000a\000y\000e\000r\000\040\000S\000e\000t\000\040\000A\000l\000g\000e\000b\000r\000a}{section.3.5}% 743
\BOOKMARK [3][-]{subsubsection*.793}{\376\377\000W\000h\000y\000\040\000L\000a\000y\000e\000r\000\040\000S\000e\000t\000\040\000A\000l\000g\000e\000b\000r\000a\000?}{subsection.3.5.4}% 744
\BOOKMARK [3][-]{subsubsection*.794}{\376\377\000Q\000u\000i\000c\000k\000\040\000S\000t\000a\000r\000t}{subsection.3.5.4}% 745
\BOOKMARK [4][-]{paragraph*.795}{\376\377\000B\000a\000s\000i\000c\000\040\000O\000p\000e\000r\000a\000t\000i\000o\000n\000s}{subsubsection*.794}% 746
\BOOKMARK [4][-]{paragraph*.796}{\376\377\000S\000t\000r\000i\000n\000g\000\040\000E\000x\000p\000r\000e\000s\000s\000i\000o\000n\000s}{subsubsection*.794}% 747
\BOOKMARK [4][-]{paragraph*.797}{\376\377\000I\000n\000t\000e\000g\000r\000a\000t\000i\000o\000n\000\040\000w\000i\000t\000h\000\040\000Q\000u\000e\000r\000i\000e\000s}{subsubsection*.794}% 748
\BOOKMARK [3][-]{subsubsection*.798}{\376\377\000S\000e\000t\000\040\000O\000p\000e\000r\000a\000t\000i\000o\000n\000s}{subsection.3.5.4}% 749
\BOOKMARK [4][-]{paragraph*.799}{\376\377\000U\000n\000i\000o\000n\000:\000\040\000A\000\040\000|\000\040\000B}{subsubsection*.798}% 750
\BOOKMARK [4][-]{paragraph*.800}{\376\377\000I\000n\000t\000e\000r\000s\000e\000c\000t\000i\000o\000n\000:\000\040\000A\000\040\000\046\000\040\000B}{subsubsection*.798}% 751
\BOOKMARK [4][-]{paragraph*.801}{\376\377\000D\000i\000f\000f\000e\000r\000e\000n\000c\000e\000:\000\040\000A\000\040\000-\000\040\000B}{subsubsection*.798}% 752
\BOOKMARK [4][-]{paragraph*.802}{\376\377\000C\000o\000m\000p\000l\000e\000m\000e\000n\000t\000:\000\040\000\176\000A}{subsubsection*.798}% 753
\BOOKMARK [3][-]{subsubsection*.803}{\376\377\000N\000a\000m\000e\000d\000\040\000L\000a\000y\000e\000r\000\040\000G\000r\000o\000u\000p\000s}{subsection.3.5.4}% 754
\BOOKMARK [3][-]{subsubsection*.804}{\376\377\000O\000p\000e\000r\000a\000t\000o\000r\000\040\000P\000r\000e\000c\000e\000d\000e\000n\000c\000e}{subsection.3.5.4}% 755
\BOOKMARK [3][-]{subsubsection*.805}{\376\377\000R\000e\000a\000l\000-\000W\000o\000r\000l\000d\000\040\000E\000x\000a\000m\000p\000l\000e\000s}{subsection.3.5.4}% 756
\BOOKMARK [4][-]{paragraph*.806}{\376\377\000E\000x\000a\000m\000p\000l\000e\000\040\0001\000:\000\040\000B\000i\000o\000l\000o\000g\000i\000c\000a\000l\000\040\000N\000e\000t\000w\000o\000r\000k\000s}{subsubsection*.805}% 757
\BOOKMARK [4][-]{paragraph*.807}{\376\377\000E\000x\000a\000m\000p\000l\000e\000\040\0002\000:\000\040\000S\000o\000c\000i\000a\000l\000\040\000N\000e\000t\000w\000o\000r\000k\000s}{subsubsection*.805}% 758
\BOOKMARK [4][-]{paragraph*.808}{\376\377\000E\000x\000a\000m\000p\000l\000e\000\040\0003\000:\000\040\000T\000r\000a\000n\000s\000p\000o\000r\000t\000a\000t\000i\000o\000n\000\040\000N\000e\000t\000w\000o\000r\000k\000s}{subsubsection*.805}% 759
\BOOKMARK [3][-]{subsubsection*.809}{\376\377\000I\000n\000t\000r\000o\000s\000p\000e\000c\000t\000i\000o\000n\000\040\000a\000n\000d\000\040\000D\000e\000b\000u\000g\000g\000i\000n\000g}{subsection.3.5.4}% 760
\BOOKMARK [4][-]{paragraph*.810}{\376\377\000R\000e\000s\000o\000l\000u\000t\000i\000o\000n}{subsubsection*.809}% 761
\BOOKMARK [4][-]{paragraph*.811}{\376\377\000E\000x\000p\000l\000a\000n\000a\000t\000i\000o\000n}{subsubsection*.809}% 762
\BOOKMARK [4][-]{paragraph*.812}{\376\377\000W\000i\000t\000h\000\040\000N\000e\000t\000w\000o\000r\000k\000\040\000R\000e\000s\000o\000l\000u\000t\000i\000o\000n}{subsubsection*.809}% 763
\BOOKMARK [3][-]{subsubsection*.813}{\376\377\000C\000o\000m\000p\000a\000r\000i\000s\000o\000n\000:\000\040\000O\000l\000d\000\040\000v\000s\000\040\000N\000e\000w\000\040\000S\000y\000n\000t\000a\000x}{subsection.3.5.4}% 764
\BOOKMARK [3][-]{subsubsection*.814}{\376\377\000W\000h\000y\000\040\000L\000a\000y\000e\000r\000\040\000S\000e\000t\000\040\000A\000l\000g\000e\000b\000r\000a\000\040\000M\000a\000t\000t\000e\000r\000s}{subsection.3.5.4}% 765
\BOOKMARK [4][-]{paragraph*.815}{\376\377\000F\000o\000r\000\040\000M\000u\000l\000t\000i\000l\000a\000y\000e\000r\000\040\000N\000e\000t\000w\000o\000r\000k\000s}{subsubsection*.814}% 766
\BOOKMARK [4][-]{paragraph*.816}{\376\377\000A\000l\000g\000e\000b\000r\000a\000i\000c\000\040\000P\000r\000o\000p\000e\000r\000t\000i\000e\000s}{subsubsection*.814}% 767
\BOOKMARK [3][-]{subsubsection*.817}{\376\377\000A\000P\000I\000\040\000R\000e\000f\000e\000r\000e\000n\000c\000e}{subsection.3.5.4}% 768
\BOOKMARK [4][-]{paragraph*.818}{\376\377\000L\000a\000y\000e\000r\000S\000e\000t\000\040\000C\000l\000a\000s\000s}{subsubsection*.817}% 769
\BOOKMARK [4][-]{paragraph*.819}{\376\377\000L\000\040\000P\000r\000o\000x\000y}{subsubsection*.817}% 770
\BOOKMARK [3][-]{subsubsection*.820}{\376\377\000T\000r\000o\000u\000b\000l\000e\000s\000h\000o\000o\000t\000i\000n\000g}{subsection.3.5.4}% 771
\BOOKMARK [4][-]{paragraph*.821}{\376\377\000C\000o\000m\000m\000o\000n\000\040\000I\000s\000s\000u\000e\000s}{subsubsection*.820}% 772
\BOOKMARK [4][-]{paragraph*.822}{\376\377\000B\000e\000s\000t\000\040\000P\000r\000a\000c\000t\000i\000c\000e\000s}{subsubsection*.820}% 773
\BOOKMARK [3][-]{subsubsection*.823}{\376\377\000S\000e\000e\000\040\000A\000l\000s\000o}{subsection.3.5.4}% 774
\BOOKMARK [2][-]{subsection.3.5.5}{\376\377\000U\000n\000c\000e\000r\000t\000a\000i\000n\000t\000y\000-\000F\000i\000r\000s\000t\000\040\000S\000t\000a\000t\000i\000s\000t\000i\000c\000s}{section.3.5}% 775
\BOOKMARK [3][-]{subsubsection*.824}{\376\377\000O\000v\000e\000r\000v\000i\000e\000w}{subsection.3.5.5}% 776
\BOOKMARK [4][-]{paragraph*.825}{\376\377\000K\000e\000y\000\040\000P\000r\000i\000n\000c\000i\000p\000l\000e\000s}{subsubsection*.824}% 777
\BOOKMARK [3][-]{subsubsection*.826}{\376\377\000C\000o\000r\000e\000\040\000C\000o\000m\000p\000o\000n\000e\000n\000t\000s}{subsection.3.5.5}% 778
\BOOKMARK [4][-]{paragraph*.827}{\376\377\000S\000t\000a\000t\000V\000a\000l\000u\000e}{subsubsection*.826}% 779
\BOOKMARK [4][-]{paragraph*.828}{\376\377\000U\000n\000c\000e\000r\000t\000a\000i\000n\000t\000y\000\040\000M\000o\000d\000e\000l\000s}{subsubsection*.826}% 780
\BOOKMARK [5][-]{subparagraph*.829}{\376\377\000D\000e\000l\000t\000a}{paragraph*.828}% 781
\BOOKMARK [5][-]{subparagraph*.830}{\376\377\000G\000a\000u\000s\000s\000i\000a\000n}{paragraph*.828}% 782
\BOOKMARK [5][-]{subparagraph*.831}{\376\377\000B\000o\000o\000t\000s\000t\000r\000a\000p}{paragraph*.828}% 783
\BOOKMARK [5][-]{subparagraph*.832}{\376\377\000E\000m\000p\000i\000r\000i\000c\000a\000l}{paragraph*.828}% 784
\BOOKMARK [5][-]{subparagraph*.833}{\376\377\000I\000n\000t\000e\000r\000v\000a\000l}{paragraph*.828}% 785
\BOOKMARK [4][-]{paragraph*.834}{\376\377\000P\000r\000o\000v\000e\000n\000a\000n\000c\000e}{subsubsection*.826}% 786
\BOOKMARK [3][-]{subsubsection*.835}{\376\377\000S\000t\000a\000t\000i\000s\000t\000i\000c\000s\000\040\000R\000e\000g\000i\000s\000t\000r\000y}{subsection.3.5.5}% 787
\BOOKMARK [4][-]{paragraph*.836}{\376\377\000R\000e\000g\000i\000s\000t\000r\000a\000t\000i\000o\000n}{subsubsection*.835}% 788
\BOOKMARK [4][-]{paragraph*.837}{\376\377\000U\000s\000a\000g\000e}{subsubsection*.835}% 789
\BOOKMARK [3][-]{subsubsection*.838}{\376\377\000A\000r\000i\000t\000h\000m\000e\000t\000i\000c\000\040\000w\000i\000t\000h\000\040\000U\000n\000c\000e\000r\000t\000a\000i\000n\000t\000y}{subsection.3.5.5}% 790
\BOOKMARK [4][-]{paragraph*.839}{\376\377\000B\000a\000s\000i\000c\000\040\000O\000p\000e\000r\000a\000t\000i\000o\000n\000s}{subsubsection*.838}% 791
\BOOKMARK [4][-]{paragraph*.840}{\376\377\000S\000c\000a\000l\000a\000r\000\040\000O\000p\000e\000r\000a\000t\000i\000o\000n\000s}{subsubsection*.838}% 792
\BOOKMARK [4][-]{paragraph*.841}{\376\377\000P\000r\000o\000p\000a\000g\000a\000t\000i\000o\000n\000\040\000R\000u\000l\000e\000s}{subsubsection*.838}% 793
\BOOKMARK [3][-]{subsubsection*.842}{\376\377\000F\000i\000l\000t\000e\000r\000i\000n\000g\000\040\000a\000n\000d\000\040\000Q\000u\000e\000r\000i\000e\000s}{subsection.3.5.5}% 794
\BOOKMARK [4][-]{paragraph*.843}{\376\377\000S\000e\000l\000e\000c\000t\000o\000r\000\040\000S\000y\000n\000t\000a\000x}{subsubsection*.842}% 795
\BOOKMARK [4][-]{paragraph*.844}{\376\377\000E\000x\000a\000m\000p\000l\000e\000s}{subsubsection*.842}% 796
\BOOKMARK [3][-]{subsubsection*.845}{\376\377\000S\000e\000r\000i\000a\000l\000i\000z\000a\000t\000i\000o\000n}{subsection.3.5.5}% 797
\BOOKMARK [4][-]{paragraph*.846}{\376\377\000S\000t\000a\000t\000V\000a\000l\000u\000e\000\040\000S\000e\000r\000i\000a\000l\000i\000z\000a\000t\000i\000o\000n}{subsubsection*.845}% 798
\BOOKMARK [4][-]{paragraph*.847}{\376\377\000D\000a\000t\000a\000F\000r\000a\000m\000e\000\040\000E\000x\000p\000o\000r\000t}{subsubsection*.845}% 799
\BOOKMARK [3][-]{subsubsection*.848}{\376\377\000B\000e\000s\000t\000\040\000P\000r\000a\000c\000t\000i\000c\000e\000s}{subsection.3.5.5}% 800
\BOOKMARK [3][-]{subsubsection*.849}{\376\377\000E\000x\000a\000m\000p\000l\000e\000s}{subsection.3.5.5}% 801
\BOOKMARK [3][-]{subsubsection*.850}{\376\377\000A\000P\000I\000\040\000R\000e\000f\000e\000r\000e\000n\000c\000e}{subsection.3.5.5}% 802
\BOOKMARK [4][-]{paragraph*.851}{\376\377\000S\000t\000a\000t\000V\000a\000l\000u\000e}{subsubsection*.850}% 803
\BOOKMARK [4][-]{paragraph*.852}{\376\377\000U\000n\000c\000e\000r\000t\000a\000i\000n\000t\000y\000\040\000M\000o\000d\000e\000l\000s}{subsubsection*.850}% 804
\BOOKMARK [4][-]{paragraph*.853}{\376\377\000P\000r\000o\000v\000e\000n\000a\000n\000c\000e}{subsubsection*.850}% 805
\BOOKMARK [4][-]{paragraph*.854}{\376\377\000R\000e\000g\000i\000s\000t\000r\000y}{subsubsection*.850}% 806
\BOOKMARK [2][-]{subsection.3.5.6}{\376\377\000A\000P\000I\000\040\000D\000o\000c\000u\000m\000e\000n\000t\000a\000t\000i\000o\000n}{section.3.5}% 807
\BOOKMARK [3][-]{subsubsection*.855}{\376\377\000C\000o\000r\000e\000\040\000M\000o\000d\000u\000l\000e\000s}{subsection.3.5.6}% 808
\BOOKMARK [4][-]{paragraph*.856}{\376\377\000H\000I\000N\000M\000I\000N\000E\000\040\000N\000e\000t\000w\000o\000r\000k\000\040\000D\000e\000c\000o\000m\000p\000o\000s\000i\000t\000i\000o\000n}{subsubsection*.855}% 809
\BOOKMARK [3][-]{subsubsection*.857}{\376\377\000C\000o\000n\000f\000i\000g\000u\000r\000a\000t\000i\000o\000n\000\040\000a\000n\000d\000\040\000U\000t\000i\000l\000i\000t\000i\000e\000s}{subsection.3.5.6}% 810
\BOOKMARK [3][-]{subsubsection*.858}{\376\377\000D\000o\000m\000a\000i\000n\000-\000S\000p\000e\000c\000i\000f\000i\000c\000\040\000L\000a\000n\000g\000u\000a\000g\000e\000\040\000\050\000D\000S\000L\000\051}{subsection.3.5.6}% 811
\BOOKMARK [3][-]{subsubsection*.859}{\376\377\000U\000n\000c\000e\000r\000t\000a\000i\000n\000t\000y\000\040\000Q\000u\000a\000n\000t\000i\000f\000i\000c\000a\000t\000i\000o\000n}{subsection.3.5.6}% 812
\BOOKMARK [4][-]{paragraph*.860}{\376\377\000N\000o\000t\000e\000:\000\040\000C\000o\000-\000a\000s\000s\000i\000g\000n\000m\000e\000n\000t\000\040\000m\000a\000t\000r\000i\000x\000\040\000c\000o\000m\000p\000u\000t\000a\000t\000i\000o\000n}{subsubsection*.859}% 813
\BOOKMARK [3][-]{subsubsection*.861}{\376\377\000A\000l\000g\000o\000r\000i\000t\000h\000m\000s}{subsection.3.5.6}% 814
\BOOKMARK [4][-]{paragraph*.862}{\376\377\000C\000o\000m\000m\000u\000n\000i\000t\000y\000\040\000D\000e\000t\000e\000c\000t\000i\000o\000n}{subsubsection*.861}% 815
\BOOKMARK [4][-]{paragraph*.863}{\376\377\000S\000t\000a\000t\000i\000s\000t\000i\000c\000s}{subsubsection*.861}% 816
\BOOKMARK [4][-]{paragraph*.864}{\376\377\000M\000u\000l\000t\000i\000l\000a\000y\000e\000r\000\040\000A\000l\000g\000o\000r\000i\000t\000h\000m\000s}{subsubsection*.861}% 817
\BOOKMARK [5][-]{subparagraph*.865}{\376\377\000W\000e\000i\000g\000h\000t\000\040\000H\000a\000n\000d\000l\000i\000n\000g\000\040\000N\000o\000t\000e\000s\000:}{paragraph*.864}% 818
\BOOKMARK [4][-]{paragraph*.866}{\376\377\000G\000e\000n\000e\000r\000a\000l\000\040\000A\000l\000g\000o\000r\000i\000t\000h\000m\000s}{subsubsection*.861}% 819
\BOOKMARK [4][-]{paragraph*.867}{\376\377\000N\000o\000d\000e\000\040\000R\000a\000n\000k\000i\000n\000g}{subsubsection*.861}% 820
\BOOKMARK [4][-]{paragraph*.868}{\376\377\000N\000e\000t\000w\000o\000r\000k\000\040\000C\000l\000a\000s\000s\000i\000f\000i\000c\000a\000t\000i\000o\000n}{subsubsection*.861}% 821
\BOOKMARK [3][-]{subsubsection*.869}{\376\377\000V\000i\000s\000u\000a\000l\000i\000z\000a\000t\000i\000o\000n}{subsection.3.5.6}% 822
\BOOKMARK [3][-]{subsubsection*.870}{\376\377\000W\000r\000a\000p\000p\000e\000r\000s}{subsection.3.5.6}% 823
\BOOKMARK [3][-]{subsubsection*.871}{\376\377\000I\000/\000O\000\040\000O\000p\000e\000r\000a\000t\000i\000o\000n\000s}{subsection.3.5.6}% 824
\BOOKMARK [3][-]{subsubsection*.872}{\376\377\000A\000g\000g\000r\000e\000g\000a\000t\000i\000o\000n\000\040\000a\000n\000d\000\040\000N\000e\000t\000w\000o\000r\000k\000\040\000O\000p\000e\000r\000a\000t\000i\000o\000n\000s}{subsection.3.5.6}% 825
\BOOKMARK [3][-]{subsubsection*.873}{\376\377\000P\000r\000o\000f\000i\000l\000i\000n\000g\000\040\000U\000t\000i\000l\000i\000t\000i\000e\000s}{subsection.3.5.6}% 826
\BOOKMARK [3][-]{subsubsection*.874}{\376\377\000L\000o\000g\000g\000i\000n\000g\000\040\000C\000o\000n\000f\000i\000g\000u\000r\000a\000t\000i\000o\000n}{subsection.3.5.6}% 827
\BOOKMARK [3][-]{subsubsection*.875}{\376\377\000I\000/\000O\000\040\000S\000c\000h\000e\000m\000a\000\040\000a\000n\000d\000\040\000V\000a\000l\000i\000d\000a\000t\000i\000o\000n}{subsection.3.5.6}% 828
\BOOKMARK [3][-]{subsubsection*.876}{\376\377\000H\000e\000d\000w\000i\000g\000\040\000R\000u\000l\000e\000\040\000L\000e\000a\000r\000n\000i\000n\000g}{subsection.3.5.6}% 829
\BOOKMARK [3][-]{subsubsection*.877}{\376\377\000F\000o\000r\000c\000e\000\040\000A\000t\000l\000a\000s\000\040\0002\000\040\000V\000i\000s\000u\000a\000l\000i\000z\000a\000t\000i\000o\000n}{subsection.3.5.6}% 830
\BOOKMARK [3][-]{subsubsection*.878}{\376\377\000E\000m\000b\000e\000d\000d\000i\000n\000g\000\040\000V\000i\000s\000u\000a\000l\000i\000z\000a\000t\000i\000o\000n}{subsection.3.5.6}% 831
\BOOKMARK [3][-]{subsubsection*.879}{\376\377\000N\000e\000t\000w\000o\000r\000k\000\040\000G\000e\000n\000e\000r\000a\000t\000i\000o\000n\000\040\000a\000n\000d\000\040\000B\000e\000n\000c\000h\000m\000a\000r\000k\000i\000n\000g}{subsection.3.5.6}% 832
\BOOKMARK [3][-]{subsubsection*.880}{\376\377\000A\000d\000d\000i\000t\000i\000o\000n\000a\000l\000\040\000S\000t\000a\000t\000i\000s\000t\000i\000c\000s\000\040\000a\000n\000d\000\040\000A\000n\000a\000l\000y\000s\000i\000s}{subsection.3.5.6}% 833
\BOOKMARK [3][-]{subsubsection*.881}{\376\377\000C\000o\000m\000m\000u\000n\000i\000t\000y\000\040\000D\000e\000t\000e\000c\000t\000i\000o\000n\000\040\000A\000d\000v\000a\000n\000c\000e\000d}{subsection.3.5.6}% 834
\BOOKMARK [3][-]{subsubsection*.882}{\376\377\000N\000o\000d\000e\000\040\000R\000a\000n\000k\000i\000n\000g\000\040\000a\000n\000d\000\040\000C\000l\000a\000s\000s\000i\000f\000i\000c\000a\000t\000i\000o\000n}{subsection.3.5.6}% 835
\BOOKMARK [3][-]{subsubsection*.883}{\376\377\000E\000m\000b\000e\000d\000d\000i\000n\000g\000s\000\040\000a\000n\000d\000\040\000W\000r\000a\000p\000p\000e\000r\000s}{subsection.3.5.6}% 836
\BOOKMARK [4][-]{paragraph*.884}{\376\377\000C\000o\000r\000e\000\040\000E\000m\000b\000e\000d\000d\000i\000n\000g\000\040\000A\000P\000I\000s}{subsubsection*.883}% 837
\BOOKMARK [4][-]{paragraph*.885}{\376\377\000W\000r\000a\000p\000p\000e\000r\000\040\000E\000n\000t\000r\000y\000\040\000P\000o\000i\000n\000t\000s}{subsubsection*.883}% 838
\BOOKMARK [3][-]{subsubsection*.886}{\376\377\000N\000e\000t\000w\000o\000r\000k\000\040\000M\000o\000t\000i\000f\000s\000\040\000a\000n\000d\000\040\000P\000a\000t\000t\000e\000r\000n\000s}{subsection.3.5.6}% 839
\BOOKMARK [3][-]{subsubsection*.887}{\376\377\000H\000I\000N\000M\000I\000N\000E\000\040\000D\000a\000t\000a\000\040\000S\000t\000r\000u\000c\000t\000u\000r\000e\000s}{subsection.3.5.6}% 840
\BOOKMARK [3][-]{subsubsection*.888}{\376\377\000C\000o\000m\000m\000a\000n\000d\000-\000L\000i\000n\000e\000\040\000I\000n\000t\000e\000r\000f\000a\000c\000e}{subsection.3.5.6}% 841
\BOOKMARK [3][-]{subsubsection*.889}{\376\377\000V\000a\000l\000i\000d\000a\000t\000i\000o\000n\000\040\000U\000t\000i\000l\000i\000t\000i\000e\000s}{subsection.3.5.6}% 842
\BOOKMARK [3][-]{subsubsection*.890}{\376\377\000N\000e\000t\000w\000o\000r\000k\000\040\000C\000o\000m\000p\000a\000r\000i\000s\000o\000n\000\040\000a\000n\000d\000\040\000T\000e\000s\000t\000i\000n\000g}{subsection.3.5.6}% 843
\BOOKMARK [3][-]{subsubsection*.891}{\376\377\000H\000e\000d\000w\000i\000g\000\040\000L\000e\000a\000r\000n\000i\000n\000g\000\040\000A\000l\000g\000o\000r\000i\000t\000h\000m\000s}{subsection.3.5.6}% 844
\BOOKMARK [3][-]{subsubsection*.892}{\376\377\000H\000e\000d\000w\000i\000g\000\040\000S\000t\000a\000t\000i\000s\000t\000i\000c\000s\000\040\000a\000n\000d\000\040\000S\000c\000o\000r\000i\000n\000g}{subsection.3.5.6}% 845
\BOOKMARK [3][-]{subsubsection*.893}{\376\377\000H\000e\000d\000w\000i\000g\000\040\000C\000o\000r\000e\000\040\000C\000o\000m\000p\000o\000n\000e\000n\000t\000s}{subsection.3.5.6}% 846
\BOOKMARK [3][-]{subsubsection*.894}{\376\377\000T\000i\000m\000e\000\040\000S\000e\000r\000i\000e\000s\000\040\000a\000n\000d\000\040\000T\000e\000m\000p\000o\000r\000a\000l\000\040\000A\000n\000a\000l\000y\000s\000i\000s}{subsection.3.5.6}% 847
\BOOKMARK [3][-]{subsubsection*.895}{\376\377\000A\000d\000v\000a\000n\000c\000e\000d\000\040\000V\000i\000s\000u\000a\000l\000i\000z\000a\000t\000i\000o\000n}{subsection.3.5.6}% 848
\BOOKMARK [3][-]{subsubsection*.896}{\376\377\000L\000i\000n\000k\000\040\000P\000r\000e\000d\000i\000c\000t\000i\000o\000n}{subsection.3.5.6}% 849
\BOOKMARK [2][-]{subsection.3.5.7}{\376\377\000C\000o\000n\000f\000i\000g\000u\000r\000a\000t\000i\000o\000n\000\040\000\046\000\040\000E\000n\000v\000i\000r\000o\000n\000m\000e\000n\000t}{section.3.5}% 850
\BOOKMARK [3][-]{subsubsection*.897}{\376\377\000C\000o\000n\000f\000i\000g\000u\000r\000a\000t\000i\000o\000n\000\040\000F\000i\000l\000e\000s}{subsection.3.5.7}% 851
\BOOKMARK [3][-]{subsubsection*.898}{\376\377\000E\000n\000v\000i\000r\000o\000n\000m\000e\000n\000t\000\040\000V\000a\000r\000i\000a\000b\000l\000e\000s}{subsection.3.5.7}% 852
\BOOKMARK [3][-]{subsubsection*.899}{\376\377\000I\000n\000p\000u\000t\000\040\000F\000o\000r\000m\000a\000t\000s}{subsection.3.5.7}% 853
\BOOKMARK [3][-]{subsubsection*.900}{\376\377\000O\000u\000t\000p\000u\000t\000\040\000F\000o\000r\000m\000a\000t\000s}{subsection.3.5.7}% 854
\BOOKMARK [3][-]{subsubsection*.901}{\376\377\000A\000l\000g\000o\000r\000i\000t\000h\000m\000\040\000C\000o\000n\000f\000i\000g\000u\000r\000a\000t\000i\000o\000n}{subsection.3.5.7}% 855
\BOOKMARK [4][-]{paragraph*.902}{\376\377\000C\000o\000m\000m\000u\000n\000i\000t\000y\000\040\000D\000e\000t\000e\000c\000t\000i\000o\000n}{subsubsection*.901}% 856
\BOOKMARK [4][-]{paragraph*.903}{\376\377\000N\000o\000d\000e\0002\000V\000e\000c}{subsubsection*.901}% 857
\BOOKMARK [4][-]{paragraph*.904}{\376\377\000D\000y\000n\000a\000m\000i\000c\000s}{subsubsection*.901}% 858
\BOOKMARK [3][-]{subsubsection*.905}{\376\377\000V\000i\000s\000u\000a\000l\000i\000z\000a\000t\000i\000o\000n\000\040\000C\000o\000n\000f\000i\000g\000u\000r\000a\000t\000i\000o\000n}{subsection.3.5.7}% 859
\BOOKMARK [3][-]{subsubsection*.906}{\376\377\000L\000o\000g\000g\000i\000n\000g\000\040\000C\000o\000n\000f\000i\000g\000u\000r\000a\000t\000i\000o\000n}{subsection.3.5.7}% 860
\BOOKMARK [3][-]{subsubsection*.907}{\376\377\000P\000e\000r\000f\000o\000r\000m\000a\000n\000c\000e\000\040\000T\000u\000n\000i\000n\000g}{subsection.3.5.7}% 861
\BOOKMARK [3][-]{subsubsection*.908}{\376\377\000N\000e\000x\000t\000\040\000S\000t\000e\000p\000s}{subsection.3.5.7}% 862
\BOOKMARK [1][-]{section.3.6}{\376\377\000P\000a\000r\000t\000\040\000V\000I\000:\000\040\000E\000x\000a\000m\000p\000l\000e\000s\000,\000\040\000R\000e\000c\000i\000p\000e\000s\000\040\000\046\000\040\000E\000m\000b\000e\000d\000d\000i\000n\000g\000s}{chapter.3}% 863
\BOOKMARK [2][-]{subsection.3.6.1}{\376\377\000E\000x\000a\000m\000p\000l\000e\000s\000\040\000\046\000\040\000R\000e\000c\000i\000p\000e\000s}{section.3.6}% 864
\BOOKMARK [3][-]{subsubsection*.910}{\376\377\000E\000x\000a\000m\000p\000l\000e\000\040\000S\000t\000r\000u\000c\000t\000u\000r\000e}{subsection.3.6.1}% 865
\BOOKMARK [3][-]{subsubsection*.911}{\376\377\000g\000e\000t\000t\000i\000n\000g\000\137\000s\000t\000a\000r\000t\000e\000d\000/}{subsection.3.6.1}% 866
\BOOKMARK [3][-]{subsubsection*.912}{\376\377\0000\0004\000\137\000g\000r\000a\000p\000h\000\137\000o\000p\000s\000/}{subsection.3.6.1}% 867
\BOOKMARK [3][-]{subsubsection*.913}{\376\377\000c\000o\000m\000m\000u\000n\000i\000t\000i\000e\000s\000/}{subsection.3.6.1}% 868
\BOOKMARK [3][-]{subsubsection*.914}{\376\377\000d\000y\000n\000a\000m\000i\000c\000s\000/}{subsection.3.6.1}% 869
\BOOKMARK [3][-]{subsubsection*.915}{\376\377\000u\000n\000c\000e\000r\000t\000a\000i\000n\000t\000y\000/}{subsection.3.6.1}% 870
\BOOKMARK [3][-]{subsubsection*.916}{\376\377\000R\000u\000n\000n\000i\000n\000g\000\040\000E\000x\000a\000m\000p\000l\000e\000s}{subsection.3.6.1}% 871
\BOOKMARK [3][-]{subsubsection*.917}{\376\377\000P\000e\000r\000f\000o\000r\000m\000a\000n\000c\000e}{subsection.3.6.1}% 872
\BOOKMARK [3][-]{subsubsection*.918}{\376\377\000E\000x\000a\000m\000p\000l\000e\000\040\000G\000u\000i\000d\000e\000l\000i\000n\000e\000s}{subsection.3.6.1}% 873
\BOOKMARK [3][-]{subsubsection*.919}{\376\377\000R\000e\000l\000a\000t\000e\000d\000\040\000D\000o\000c\000u\000m\000e\000n\000t\000a\000t\000i\000o\000n}{subsection.3.6.1}% 874
\BOOKMARK [2][-]{subsection.3.6.2}{\376\377\000R\000a\000n\000d\000o\000m\000\040\000W\000a\000l\000k\000\040\000A\000l\000g\000o\000r\000i\000t\000h\000m\000s}{section.3.6}% 875
\BOOKMARK [3][-]{subsubsection*.920}{\376\377\000O\000v\000e\000r\000v\000i\000e\000w}{subsection.3.6.2}% 876
\BOOKMARK [4][-]{paragraph*.921}{\376\377\000K\000e\000y\000\040\000F\000e\000a\000t\000u\000r\000e\000s}{subsubsection*.920}% 877
\BOOKMARK [3][-]{subsubsection*.922}{\376\377\000B\000a\000s\000i\000c\000\040\000R\000a\000n\000d\000o\000m\000\040\000W\000a\000l\000k}{subsection.3.6.2}% 878
\BOOKMARK [4][-]{paragraph*.923}{\376\377\000S\000i\000m\000p\000l\000e\000\040\000E\000x\000a\000m\000p\000l\000e}{subsubsection*.922}% 879
\BOOKMARK [4][-]{paragraph*.924}{\376\377\000W\000e\000i\000g\000h\000t\000e\000d\000\040\000G\000r\000a\000p\000h\000s}{subsubsection*.922}% 880
\BOOKMARK [4][-]{paragraph*.925}{\376\377\000D\000i\000r\000e\000c\000t\000e\000d\000\040\000G\000r\000a\000p\000h\000s}{subsubsection*.922}% 881
\BOOKMARK [3][-]{subsubsection*.926}{\376\377\000N\000o\000d\000e\0002\000V\000e\000c\000\040\000B\000i\000a\000s\000e\000d\000\040\000R\000a\000n\000d\000o\000m\000\040\000W\000a\000l\000k}{subsection.3.6.2}% 882
\BOOKMARK [4][-]{paragraph*.927}{\376\377\000P\000a\000r\000a\000m\000e\000t\000e\000r\000s}{subsubsection*.926}% 883
\BOOKMARK [4][-]{paragraph*.928}{\376\377\000B\000a\000s\000i\000c\000\040\000U\000s\000a\000g\000e}{subsubsection*.926}% 884
\BOOKMARK [4][-]{paragraph*.929}{\376\377\000E\000x\000p\000l\000o\000r\000i\000n\000g\000\040\000v\000s\000\040\000B\000a\000c\000k\000t\000r\000a\000c\000k\000i\000n\000g}{subsubsection*.926}% 885
\BOOKMARK [3][-]{subsubsection*.930}{\376\377\000M\000u\000l\000t\000i\000p\000l\000e\000\040\000W\000a\000l\000k\000\040\000G\000e\000n\000e\000r\000a\000t\000i\000o\000n}{subsection.3.6.2}% 886
\BOOKMARK [4][-]{paragraph*.931}{\376\377\000G\000e\000n\000e\000r\000a\000t\000e\000\040\000W\000a\000l\000k\000s\000\040\000f\000r\000o\000m\000\040\000A\000l\000l\000\040\000N\000o\000d\000e\000s}{subsubsection*.930}% 887
\BOOKMARK [4][-]{paragraph*.932}{\376\377\000G\000e\000n\000e\000r\000a\000t\000e\000\040\000f\000r\000o\000m\000\040\000S\000p\000e\000c\000i\000f\000i\000c\000\040\000N\000o\000d\000e\000s}{subsubsection*.930}% 888
\BOOKMARK [4][-]{paragraph*.933}{\376\377\000N\000o\000d\000e\0002\000V\000e\000c\000-\000S\000t\000y\000l\000e\000\040\000W\000a\000l\000k\000s}{subsubsection*.930}% 889
\BOOKMARK [4][-]{paragraph*.934}{\376\377\000E\000d\000g\000e\000\040\000S\000e\000q\000u\000e\000n\000c\000e\000s}{subsubsection*.930}% 890
\BOOKMARK [3][-]{subsubsection*.935}{\376\377\000M\000u\000l\000t\000i\000l\000a\000y\000e\000r\000\040\000N\000e\000t\000w\000o\000r\000k\000\040\000W\000a\000l\000k\000s}{subsection.3.6.2}% 891
\BOOKMARK [4][-]{paragraph*.936}{\376\377\000L\000a\000y\000e\000r\000-\000C\000o\000n\000s\000t\000r\000a\000i\000n\000e\000d\000\040\000W\000a\000l\000k\000s}{subsubsection*.935}% 892
\BOOKMARK [4][-]{paragraph*.937}{\376\377\000C\000r\000o\000s\000s\000-\000L\000a\000y\000e\000r\000\040\000T\000r\000a\000n\000s\000i\000t\000i\000o\000n\000s}{subsubsection*.935}% 893
\BOOKMARK [3][-]{subsubsection*.938}{\376\377\000R\000e\000p\000r\000o\000d\000u\000c\000i\000b\000i\000l\000i\000t\000y}{subsection.3.6.2}% 894
\BOOKMARK [4][-]{paragraph*.939}{\376\377\000F\000i\000x\000e\000d\000\040\000S\000e\000e\000d}{subsubsection*.938}% 895
\BOOKMARK [4][-]{paragraph*.940}{\376\377\000D\000i\000f\000f\000e\000r\000e\000n\000t\000\040\000S\000e\000e\000d\000s}{subsubsection*.938}% 896
\BOOKMARK [4][-]{paragraph*.941}{\376\377\000B\000a\000t\000c\000h\000\040\000R\000e\000p\000r\000o\000d\000u\000c\000i\000b\000i\000l\000i\000t\000y}{subsubsection*.938}% 897
\BOOKMARK [3][-]{subsubsection*.942}{\376\377\000P\000e\000r\000f\000o\000r\000m\000a\000n\000c\000e\000\040\000T\000i\000p\000s}{subsection.3.6.2}% 898
\BOOKMARK [4][-]{paragraph*.943}{\376\377\000L\000a\000r\000g\000e\000\040\000G\000r\000a\000p\000h\000s}{subsubsection*.942}% 899
\BOOKMARK [4][-]{paragraph*.944}{\376\377\000P\000a\000r\000a\000l\000l\000e\000l\000\040\000P\000r\000o\000c\000e\000s\000s\000i\000n\000g}{subsubsection*.942}% 900
\BOOKMARK [3][-]{subsubsection*.945}{\376\377\000C\000o\000r\000r\000e\000c\000t\000n\000e\000s\000s\000\040\000V\000a\000l\000i\000d\000a\000t\000i\000o\000n}{subsection.3.6.2}% 901
\BOOKMARK [4][-]{paragraph*.946}{\376\377\000U\000n\000i\000f\000o\000r\000m\000i\000t\000y\000\040\000T\000e\000s\000t}{subsubsection*.945}% 902
\BOOKMARK [4][-]{paragraph*.947}{\376\377\000C\000o\000n\000s\000e\000r\000v\000a\000t\000i\000o\000n\000\040\000T\000e\000s\000t}{subsubsection*.945}% 903
\BOOKMARK [4][-]{paragraph*.948}{\376\377\000B\000i\000a\000s\000\040\000C\000o\000n\000s\000i\000s\000t\000e\000n\000c\000y\000\040\000T\000e\000s\000t}{subsubsection*.945}% 904
\BOOKMARK [4][-]{paragraph*.949}{\376\377\000E\000d\000g\000e\000\040\000W\000e\000i\000g\000h\000t\000\040\000T\000e\000s\000t}{subsubsection*.945}% 905
\BOOKMARK [3][-]{subsubsection*.950}{\376\377\000C\000o\000m\000p\000l\000e\000t\000e\000\040\000E\000m\000b\000e\000d\000d\000i\000n\000g\000\040\000W\000o\000r\000k\000f\000l\000o\000w}{subsection.3.6.2}% 906
\BOOKMARK [4][-]{paragraph*.951}{\376\377\000S\000t\000e\000p\000\040\0001\000:\000\040\000P\000r\000e\000p\000a\000r\000e\000\040\000t\000h\000e\000\040\000N\000e\000t\000w\000o\000r\000k}{subsubsection*.950}% 907
\BOOKMARK [4][-]{paragraph*.952}{\376\377\000S\000t\000e\000p\000\040\0002\000:\000\040\000G\000e\000n\000e\000r\000a\000t\000e\000\040\000R\000a\000n\000d\000o\000m\000\040\000W\000a\000l\000k\000s}{subsubsection*.950}% 908
\BOOKMARK [4][-]{paragraph*.953}{\376\377\000S\000t\000e\000p\000\040\0003\000:\000\040\000T\000r\000a\000i\000n\000\040\000E\000m\000b\000e\000d\000d\000i\000n\000g\000\040\000M\000o\000d\000e\000l}{subsubsection*.950}% 909
\BOOKMARK [4][-]{paragraph*.954}{\376\377\000S\000t\000e\000p\000\040\0004\000:\000\040\000E\000x\000t\000r\000a\000c\000t\000\040\000a\000n\000d\000\040\000U\000s\000e\000\040\000E\000m\000b\000e\000d\000d\000i\000n\000g\000s}{subsubsection*.950}% 910
\BOOKMARK [4][-]{paragraph*.955}{\376\377\000S\000t\000e\000p\000\040\0005\000:\000\040\000D\000o\000w\000n\000s\000t\000r\000e\000a\000m\000\040\000T\000a\000s\000k\000s}{subsubsection*.950}% 911
\BOOKMARK [4][-]{paragraph*.956}{\376\377\000S\000t\000e\000p\000\040\0006\000:\000\040\000S\000a\000v\000e\000\040\000a\000n\000d\000\040\000L\000o\000a\000d\000\040\000E\000m\000b\000e\000d\000d\000i\000n\000g\000s}{subsubsection*.950}% 912
\BOOKMARK [3][-]{subsubsection*.957}{\376\377\000P\000a\000r\000a\000m\000e\000t\000e\000r\000\040\000T\000u\000n\000i\000n\000g\000\040\000G\000u\000i\000d\000e}{subsection.3.6.2}% 913
\BOOKMARK [4][-]{paragraph*.958}{\376\377\000W\000a\000l\000k\000\040\000L\000e\000n\000g\000t\000h\000\040\000G\000u\000i\000d\000e\000l\000i\000n\000e\000s}{subsubsection*.957}% 914
\BOOKMARK [4][-]{paragraph*.959}{\376\377\000N\000u\000m\000b\000e\000r\000\040\000o\000f\000\040\000W\000a\000l\000k\000s\000\040\000G\000u\000i\000d\000e\000l\000i\000n\000e\000s}{subsubsection*.957}% 915
\BOOKMARK [4][-]{paragraph*.960}{\376\377\000P\000\040\000a\000n\000d\000\040\000Q\000\040\000P\000a\000r\000a\000m\000e\000t\000e\000r\000\040\000E\000f\000f\000e\000c\000t\000s}{subsubsection*.957}% 916
\BOOKMARK [3][-]{subsubsection*.961}{\376\377\000C\000o\000m\000m\000o\000n\000\040\000F\000a\000i\000l\000u\000r\000e\000\040\000M\000o\000d\000e\000s}{subsection.3.6.2}% 917
\BOOKMARK [4][-]{paragraph*.962}{\376\377\000D\000i\000s\000c\000o\000n\000n\000e\000c\000t\000e\000d\000\040\000G\000r\000a\000p\000h}{subsubsection*.961}% 918
\BOOKMARK [4][-]{paragraph*.963}{\376\377\000H\000i\000g\000h\000l\000y\000\040\000S\000k\000e\000w\000e\000d\000\040\000D\000e\000g\000r\000e\000e\000\040\000D\000i\000s\000t\000r\000i\000b\000u\000t\000i\000o\000n}{subsubsection*.961}% 919
\BOOKMARK [4][-]{paragraph*.964}{\376\377\000I\000s\000o\000l\000a\000t\000e\000d\000\040\000N\000o\000d\000e\000s}{subsubsection*.961}% 920
\BOOKMARK [4][-]{paragraph*.965}{\376\377\000V\000e\000r\000y\000\040\000S\000m\000a\000l\000l\000\040\000G\000r\000a\000p\000h}{subsubsection*.961}% 921
\BOOKMARK [4][-]{paragraph*.966}{\376\377\000M\000e\000m\000o\000r\000y\000\040\000I\000s\000s\000u\000e\000s\000\040\000w\000i\000t\000h\000\040\000L\000a\000r\000g\000e\000\040\000G\000r\000a\000p\000h\000s}{subsubsection*.961}% 922
\BOOKMARK [3][-]{subsubsection*.967}{\376\377\000N\000a\000t\000i\000v\000e\000\040\000M\000u\000l\000t\000i\000l\000a\000y\000e\000r\000\040\000E\000m\000b\000e\000d\000d\000i\000n\000g\000\040\000A\000P\000I}{subsection.3.6.2}% 923
\BOOKMARK [3][-]{subsubsection*.968}{\376\377\000R\000e\000f\000e\000r\000e\000n\000c\000e\000s}{subsection.3.6.2}% 924
\BOOKMARK [3][-]{subsubsection*.969}{\376\377\000A\000P\000I\000\040\000R\000e\000f\000e\000r\000e\000n\000c\000e}{subsection.3.6.2}% 925
\BOOKMARK [3][-]{subsubsection*.970}{\376\377\000E\000x\000a\000m\000p\000l\000e\000s}{subsection.3.6.2}% 926
\BOOKMARK [2][-]{subsection.3.6.3}{\376\377\000A\000n\000a\000l\000y\000s\000i\000s\000\040\000R\000e\000c\000i\000p\000e\000s\000\040\000\046\000\040\000W\000o\000r\000k\000f\000l\000o\000w\000s}{section.3.6}% 927
\BOOKMARK [3][-]{subsubsection*.1013}{\376\377\000D\000a\000t\000a\000\040\000I\000m\000p\000o\000r\000t\000\040\000\046\000\040\000S\000e\000t\000u\000p}{subsection.3.6.3}% 928
\BOOKMARK [4][-]{paragraph*.1014}{\376\377\000R\000e\000c\000i\000p\000e\000\040\0001\000:\000\040\000L\000o\000a\000d\000\040\000N\000e\000t\000w\000o\000r\000k\000\040\000f\000r\000o\000m\000\040\000M\000u\000l\000t\000i\000p\000l\000e\000\040\000F\000i\000l\000e\000\040\000F\000o\000r\000m\000a\000t\000s}{subsubsection*.1013}% 929
\BOOKMARK [4][-]{paragraph*.1015}{\376\377\000R\000e\000c\000i\000p\000e\000\040\0002\000:\000\040\000C\000r\000e\000a\000t\000e\000\040\000S\000y\000n\000t\000h\000e\000t\000i\000c\000\040\000B\000e\000n\000c\000h\000m\000a\000r\000k\000\040\000N\000e\000t\000w\000o\000r\000k\000s}{subsubsection*.1013}% 930
\BOOKMARK [4][-]{paragraph*.1016}{\376\377\000R\000e\000c\000i\000p\000e\000\040\0003\000:\000\040\000C\000o\000n\000v\000e\000r\000t\000\040\000B\000e\000t\000w\000e\000e\000n\000\040\000N\000e\000t\000w\000o\000r\000k\000\040\000F\000o\000r\000m\000a\000t\000s}{subsubsection*.1013}% 931
\BOOKMARK [3][-]{subsubsection*.1017}{\376\377\000N\000e\000t\000w\000o\000r\000k\000\040\000E\000x\000p\000l\000o\000r\000a\000t\000i\000o\000n\000\040\000\046\000\040\000A\000n\000a\000l\000y\000s\000i\000s}{subsection.3.6.3}% 932
\BOOKMARK [4][-]{paragraph*.1018}{\376\377\000R\000e\000c\000i\000p\000e\000\040\0004\000:\000\040\000Q\000u\000i\000c\000k\000\040\000N\000e\000t\000w\000o\000r\000k\000\040\000S\000u\000m\000m\000a\000r\000y}{subsubsection*.1017}% 933
\BOOKMARK [4][-]{paragraph*.1019}{\376\377\000R\000e\000c\000i\000p\000e\000\040\0005\000:\000\040\000L\000a\000y\000e\000r\000-\000b\000y\000-\000L\000a\000y\000e\000r\000\040\000A\000n\000a\000l\000y\000s\000i\000s}{subsubsection*.1017}% 934
\BOOKMARK [4][-]{paragraph*.1020}{\376\377\000R\000e\000c\000i\000p\000e\000\040\0006\000:\000\040\000C\000o\000m\000p\000u\000t\000e\000\040\000M\000u\000l\000t\000i\000l\000a\000y\000e\000r\000\040\000S\000t\000a\000t\000i\000s\000t\000i\000c\000s}{subsubsection*.1017}% 935
\BOOKMARK [3][-]{subsubsection*.1021}{\376\377\000C\000e\000n\000t\000r\000a\000l\000i\000t\000y\000\040\000\046\000\040\000N\000o\000d\000e\000\040\000I\000m\000p\000o\000r\000t\000a\000n\000c\000e}{subsection.3.6.3}% 936
\BOOKMARK [4][-]{paragraph*.1022}{\376\377\000R\000e\000c\000i\000p\000e\000\040\0007\000:\000\040\000S\000i\000n\000g\000l\000e\000-\000L\000a\000y\000e\000r\000\040\000C\000e\000n\000t\000r\000a\000l\000i\000t\000y\000\040\000A\000n\000a\000l\000y\000s\000i\000s}{subsubsection*.1021}% 937
\BOOKMARK [4][-]{paragraph*.1023}{\376\377\000R\000e\000c\000i\000p\000e\000\040\0008\000:\000\040\000M\000u\000l\000t\000i\000p\000l\000e\000x\000\040\000P\000a\000r\000t\000i\000c\000i\000p\000a\000t\000i\000o\000n\000\040\000C\000o\000e\000f\000f\000i\000c\000i\000e\000n\000t}{subsubsection*.1021}% 938
\BOOKMARK [3][-]{subsubsection*.1024}{\376\377\000C\000o\000m\000m\000u\000n\000i\000t\000y\000\040\000D\000e\000t\000e\000c\000t\000i\000o\000n}{subsection.3.6.3}% 939
\BOOKMARK [4][-]{paragraph*.1025}{\376\377\000R\000e\000c\000i\000p\000e\000\040\0009\000:\000\040\000M\000u\000l\000t\000i\000l\000a\000y\000e\000r\000\040\000C\000o\000m\000m\000u\000n\000i\000t\000y\000\040\000D\000e\000t\000e\000c\000t\000i\000o\000n}{subsubsection*.1024}% 940
\BOOKMARK [4][-]{paragraph*.1026}{\376\377\000R\000e\000c\000i\000p\000e\000\040\0001\0000\000:\000\040\000C\000o\000m\000p\000a\000r\000e\000\040\000C\000o\000m\000m\000u\000n\000i\000t\000y\000\040\000D\000e\000t\000e\000c\000t\000i\000o\000n\000\040\000A\000l\000g\000o\000r\000i\000t\000h\000m\000s}{subsubsection*.1024}% 941
\BOOKMARK [3][-]{subsubsection*.1027}{\376\377\000V\000i\000s\000u\000a\000l\000i\000z\000a\000t\000i\000o\000n}{subsection.3.6.3}% 942
\BOOKMARK [4][-]{paragraph*.1028}{\376\377\000R\000e\000c\000i\000p\000e\000\040\0001\0001\000:\000\040\000B\000a\000s\000i\000c\000\040\000N\000e\000t\000w\000o\000r\000k\000\040\000V\000i\000s\000u\000a\000l\000i\000z\000a\000t\000i\000o\000n}{subsubsection*.1027}% 943
\BOOKMARK [4][-]{paragraph*.1029}{\376\377\000R\000e\000c\000i\000p\000e\000\040\0001\0002\000:\000\040\000V\000i\000s\000u\000a\000l\000i\000z\000e\000\040\000C\000o\000m\000m\000u\000n\000i\000t\000i\000e\000s\000\040\000o\000n\000\040\000N\000e\000t\000w\000o\000r\000k}{subsubsection*.1027}% 944
\BOOKMARK [3][-]{subsubsection*.1030}{\376\377\000A\000d\000v\000a\000n\000c\000e\000d\000\040\000W\000o\000r\000k\000f\000l\000o\000w\000s}{subsection.3.6.3}% 945
\BOOKMARK [4][-]{paragraph*.1031}{\376\377\000R\000e\000c\000i\000p\000e\000\040\0001\0003\000:\000\040\000C\000o\000m\000p\000l\000e\000t\000e\000\040\000A\000n\000a\000l\000y\000s\000i\000s\000\040\000P\000i\000p\000e\000l\000i\000n\000e}{subsubsection*.1030}% 946
\BOOKMARK [4][-]{paragraph*.1032}{\376\377\000R\000e\000c\000i\000p\000e\000\040\0001\0004\000:\000\040\000N\000e\000t\000w\000o\000r\000k\000\040\000C\000o\000m\000p\000a\000r\000i\000s\000o\000n\000\040\000S\000t\000u\000d\000y}{subsubsection*.1030}% 947
\BOOKMARK [4][-]{paragraph*.1033}{\376\377\000R\000e\000c\000i\000p\000e\000\040\0001\0005\000:\000\040\000R\000a\000n\000d\000o\000m\000\040\000W\000a\000l\000k\000s\000\040\000f\000o\000r\000\040\000N\000o\000d\000e\000\040\000E\000m\000b\000e\000d\000d\000i\000n\000g\000s}{subsubsection*.1030}% 948
\BOOKMARK [3][-]{subsubsection*.1034}{\376\377\000P\000e\000r\000f\000o\000r\000m\000a\000n\000c\000e\000\040\000\046\000\040\000O\000p\000t\000i\000m\000i\000z\000a\000t\000i\000o\000n}{subsection.3.6.3}% 949
\BOOKMARK [4][-]{paragraph*.1035}{\376\377\000R\000e\000c\000i\000p\000e\000\040\0001\0006\000:\000\040\000H\000a\000n\000d\000l\000e\000\040\000L\000a\000r\000g\000e\000\040\000N\000e\000t\000w\000o\000r\000k\000s\000\040\000E\000f\000f\000i\000c\000i\000e\000n\000t\000l\000y}{subsubsection*.1034}% 950
\BOOKMARK [4][-]{paragraph*.1036}{\376\377\000R\000e\000c\000i\000p\000e\000\040\0001\0007\000:\000\040\000B\000e\000n\000c\000h\000m\000a\000r\000k\000\040\000a\000n\000d\000\040\000P\000r\000o\000f\000i\000l\000e\000\040\000Y\000o\000u\000r\000\040\000A\000n\000a\000l\000y\000s\000i\000s}{subsubsection*.1034}% 951
\BOOKMARK [3][-]{subsubsection*.1037}{\376\377\000T\000i\000p\000s\000\040\000\046\000\040\000B\000e\000s\000t\000\040\000P\000r\000a\000c\000t\000i\000c\000e\000s}{subsection.3.6.3}% 952
\BOOKMARK [4][-]{paragraph*.1038}{\376\377\000G\000e\000n\000e\000r\000a\000l\000\040\000T\000i\000p\000s}{subsubsection*.1037}% 953
\BOOKMARK [4][-]{paragraph*.1039}{\376\377\000P\000e\000r\000f\000o\000r\000m\000a\000n\000c\000e\000\040\000T\000i\000p\000s}{subsubsection*.1037}% 954
\BOOKMARK [4][-]{paragraph*.1040}{\376\377\000V\000i\000s\000u\000a\000l\000i\000z\000a\000t\000i\000o\000n\000\040\000T\000i\000p\000s}{subsubsection*.1037}% 955
\BOOKMARK [4][-]{paragraph*.1041}{\376\377\000C\000o\000m\000m\000u\000n\000i\000t\000y\000\040\000D\000e\000t\000e\000c\000t\000i\000o\000n\000\040\000T\000i\000p\000s}{subsubsection*.1037}% 956
\BOOKMARK [3][-]{subsubsection*.1042}{\376\377\000C\000o\000m\000m\000o\000n\000\040\000I\000s\000s\000u\000e\000s\000\040\000\046\000\040\000S\000o\000l\000u\000t\000i\000o\000n\000s}{subsection.3.6.3}% 957
\BOOKMARK [4][-]{paragraph*.1043}{\376\377\000I\000s\000s\000u\000e\000:\000\040\040\034\000N\000e\000t\000w\000o\000r\000k\000\040\000a\000p\000p\000e\000a\000r\000s\000\040\000t\000o\000\040\000b\000e\000\040\000e\000m\000p\000t\000y\040\035}{subsubsection*.1042}% 958
\BOOKMARK [4][-]{paragraph*.1044}{\376\377\000I\000s\000s\000u\000e\000:\000\040\040\034\000N\000o\000\040\000m\000o\000d\000u\000l\000e\000\040\000n\000a\000m\000e\000d\000\040\040\030\000c\000o\000m\000m\000u\000n\000i\000t\000y\040\031\040\035}{subsubsection*.1042}% 959
\BOOKMARK [4][-]{paragraph*.1045}{\376\377\000I\000s\000s\000u\000e\000:\000\040\040\034\000V\000i\000s\000u\000a\000l\000i\000z\000a\000t\000i\000o\000n\000\040\000d\000o\000e\000s\000n\040\031\000t\000\040\000a\000p\000p\000e\000a\000r\040\035}{subsubsection*.1042}% 960
\BOOKMARK [4][-]{paragraph*.1046}{\376\377\000I\000s\000s\000u\000e\000:\000\040\040\034\000M\000e\000m\000o\000r\000y\000\040\000e\000r\000r\000o\000r\000\040\000w\000i\000t\000h\000\040\000l\000a\000r\000g\000e\000\040\000n\000e\000t\000w\000o\000r\000k\040\035}{subsubsection*.1042}% 961
\BOOKMARK [4][-]{paragraph*.1047}{\376\377\000I\000s\000s\000u\000e\000:\000\040\040\034\000C\000o\000m\000m\000u\000n\000i\000t\000y\000\040\000d\000e\000t\000e\000c\000t\000i\000o\000n\000\040\000i\000s\000\040\000s\000l\000o\000w\040\035}{subsubsection*.1042}% 962
\BOOKMARK [3][-]{subsubsection*.1048}{\376\377\000F\000u\000r\000t\000h\000e\000r\000\040\000R\000e\000a\000d\000i\000n\000g}{subsection.3.6.3}% 963
\BOOKMARK [3][-]{subsubsection*.1049}{\376\377\000D\000S\000L\000\040\000Q\000u\000e\000r\000y\000\040\000R\000e\000c\000i\000p\000e\000s}{subsection.3.6.3}% 964
\BOOKMARK [4][-]{paragraph*.1050}{\376\377\000R\000e\000c\000i\000p\000e\000\040\0001\0008\000:\000\040\000H\000u\000b\000\040\000I\000d\000e\000n\000t\000i\000f\000i\000c\000a\000t\000i\000o\000n\000\040\000w\000i\000t\000h\000\040\000D\000S\000L}{subsubsection*.1049}% 965
\BOOKMARK [4][-]{paragraph*.1051}{\376\377\000R\000e\000c\000i\000p\000e\000\040\0001\0009\000:\000\040\000M\000u\000l\000t\000i\000-\000L\000a\000y\000e\000r\000\040\000C\000o\000m\000p\000a\000r\000a\000t\000i\000v\000e\000\040\000A\000n\000a\000l\000y\000s\000i\000s}{subsubsection*.1049}% 966
\BOOKMARK [4][-]{paragraph*.1052}{\376\377\000R\000e\000c\000i\000p\000e\000\040\0002\0000\000:\000\040\000A\000d\000v\000a\000n\000c\000e\000d\000\040\000F\000i\000l\000t\000e\000r\000i\000n\000g\000\040\000a\000n\000d\000\040\000E\000x\000p\000o\000r\000t}{subsubsection*.1049}% 967
\BOOKMARK [4][-]{paragraph*.1053}{\376\377\000R\000e\000c\000i\000p\000e\000\040\0002\0001\000:\000\040\000P\000a\000r\000a\000m\000e\000t\000e\000r\000i\000z\000e\000d\000\040\000Q\000u\000e\000r\000y\000\040\000T\000e\000m\000p\000l\000a\000t\000e\000s}{subsubsection*.1049}% 968
\BOOKMARK [4][-]{paragraph*.1054}{\376\377\000R\000e\000c\000i\000p\000e\000\040\0002\0002\000:\000\040\000D\000S\000L\000\040\000w\000i\000t\000h\000\040\000E\000X\000P\000L\000A\000I\000N\000\040\000M\000o\000d\000e}{subsubsection*.1049}% 969
\BOOKMARK [2][-]{subsection.3.6.4}{\376\377\000U\000s\000e\000\040\000C\000a\000s\000e\000s\000\040\000\046\000\040\000C\000a\000s\000e\000\040\000S\000t\000u\000d\000i\000e\000s}{section.3.6}% 970
\BOOKMARK [3][-]{subsubsection*.1055}{\376\377\000W\000h\000y\000\040\000C\000a\000s\000e\000\040\000S\000t\000u\000d\000i\000e\000s\000\040\000M\000a\000t\000t\000e\000r}{subsection.3.6.4}% 971
\BOOKMARK [3][-]{subsubsection*.1056}{\376\377\000L\000e\000s\000s\000o\000n\000s\000\040\000f\000r\000o\000m\000\040\000t\000h\000e\000\040\000F\000i\000e\000l\000d}{subsection.3.6.4}% 972
\BOOKMARK [3][-]{subsubsection*.1057}{\376\377\000C\000a\000s\000e\000\040\000S\000t\000u\000d\000y\000\040\0001\000:\000\040\000B\000i\000o\000l\000o\000g\000i\000c\000a\000l\000\040\000N\000e\000t\000w\000o\000r\000k\000\040\000A\000n\000a\000l\000y\000s\000i\000s}{subsection.3.6.4}% 973
\BOOKMARK [4][-]{paragraph*.1058}{\376\377\000R\000e\000a\000l\000-\000W\000o\000r\000l\000d\000\040\000I\000m\000p\000a\000c\000t}{subsubsection*.1057}% 974
\BOOKMARK [4][-]{paragraph*.1059}{\376\377\000M\000u\000l\000t\000i\000l\000a\000y\000e\000r\000\040\000P\000r\000o\000t\000e\000i\000n\000-\000P\000r\000o\000t\000e\000i\000n\000\040\000I\000n\000t\000e\000r\000a\000c\000t\000i\000o\000n\000\040\000N\000e\000t\000w\000o\000r\000k}{subsubsection*.1057}% 975
\BOOKMARK [3][-]{subsubsection*.1060}{\376\377\000C\000a\000s\000e\000\040\000S\000t\000u\000d\000y\000\040\0002\000:\000\040\000M\000u\000l\000t\000i\000-\000P\000l\000a\000t\000f\000o\000r\000m\000\040\000S\000o\000c\000i\000a\000l\000\040\000N\000e\000t\000w\000o\000r\000k\000\040\000A\000n\000a\000l\000y\000s\000i\000s}{subsection.3.6.4}% 976
\BOOKMARK [4][-]{paragraph*.1061}{\376\377\000C\000r\000o\000s\000s\000-\000P\000l\000a\000t\000f\000o\000r\000m\000\040\000I\000n\000f\000l\000u\000e\000n\000c\000e\000\040\000A\000n\000a\000l\000y\000s\000i\000s}{subsubsection*.1060}% 977
\BOOKMARK [3][-]{subsubsection*.1062}{\376\377\000C\000a\000s\000e\000\040\000S\000t\000u\000d\000y\000\040\0003\000:\000\040\000M\000u\000l\000t\000i\000-\000M\000o\000d\000a\000l\000\040\000T\000r\000a\000n\000s\000p\000o\000r\000t\000a\000t\000i\000o\000n\000\040\000A\000n\000a\000l\000y\000s\000i\000s}{subsection.3.6.4}% 978
\BOOKMARK [4][-]{paragraph*.1063}{\376\377\000U\000r\000b\000a\000n\000\040\000M\000o\000b\000i\000l\000i\000t\000y\000\040\000a\000n\000d\000\040\000R\000e\000s\000i\000l\000i\000e\000n\000c\000e}{subsubsection*.1062}% 979
\BOOKMARK [3][-]{subsubsection*.1064}{\376\377\000C\000a\000s\000e\000\040\000S\000t\000u\000d\000y\000\040\0004\000:\000\040\000H\000e\000t\000e\000r\000o\000g\000e\000n\000e\000o\000u\000s\000\040\000A\000c\000a\000d\000e\000m\000i\000c\000\040\000N\000e\000t\000w\000o\000r\000k}{subsection.3.6.4}% 980
\BOOKMARK [4][-]{paragraph*.1065}{\376\377\000R\000e\000s\000e\000a\000r\000c\000h\000\040\000C\000o\000l\000l\000a\000b\000o\000r\000a\000t\000i\000o\000n\000\040\000a\000n\000d\000\040\000I\000m\000p\000a\000c\000t\000\040\000A\000n\000a\000l\000y\000s\000i\000s}{subsubsection*.1064}% 981
\BOOKMARK [3][-]{subsubsection*.1066}{\376\377\000A\000d\000a\000p\000t\000i\000n\000g\000\040\000C\000a\000s\000e\000\040\000S\000t\000u\000d\000i\000e\000s\000\040\000t\000o\000\040\000Y\000o\000u\000r\000\040\000D\000o\000m\000a\000i\000n}{subsection.3.6.4}% 982
\BOOKMARK [4][-]{paragraph*.1067}{\376\377\000G\000e\000n\000e\000r\000a\000l\000\040\000A\000d\000a\000p\000t\000a\000t\000i\000o\000n\000\040\000P\000r\000o\000c\000e\000s\000s}{subsubsection*.1066}% 983
\BOOKMARK [4][-]{paragraph*.1068}{\376\377\000D\000a\000t\000a\000\040\000L\000o\000a\000d\000i\000n\000g\000\040\000T\000e\000m\000p\000l\000a\000t\000e\000s}{subsubsection*.1066}% 984
\BOOKMARK [3][-]{subsubsection*.1069}{\376\377\000C\000o\000n\000c\000l\000u\000s\000i\000o\000n\000:\000\040\000P\000a\000t\000t\000e\000r\000n\000s\000\040\000A\000c\000r\000o\000s\000s\000\040\000D\000o\000m\000a\000i\000n\000s}{subsection.3.6.4}% 985
\BOOKMARK [4][-]{paragraph*.1070}{\376\377\000T\000h\000e\000\040\000M\000e\000t\000a\000-\000L\000e\000s\000s\000o\000n}{subsubsection*.1069}% 986
\BOOKMARK [3][-]{subsubsection*.1071}{\376\377\000F\000u\000r\000t\000h\000e\000r\000\040\000R\000e\000a\000d\000i\000n\000g}{subsection.3.6.4}% 987
\BOOKMARK [1][-]{section.3.7}{\376\377\000P\000a\000r\000t\000\040\000V\000I\000I\000:\000\040\000P\000r\000o\000j\000e\000c\000t\000\040\000I\000n\000f\000o}{chapter.3}% 988
\BOOKMARK [2][-]{subsection.3.7.1}{\376\377\000P\000r\000o\000j\000e\000c\000t\000\040\000I\000n\000f\000o}{section.3.7}% 989
\BOOKMARK [3][-]{subsubsection*.1072}{\376\377\000G\000e\000t\000t\000i\000n\000g\000\040\000I\000n\000v\000o\000l\000v\000e\000d}{subsection.3.7.1}% 990
\BOOKMARK [3][-]{subsubsection*.1073}{\376\377\000L\000i\000c\000e\000n\000s\000e}{subsection.3.7.1}% 991
\BOOKMARK [3][-]{subsubsection*.1074}{\376\377\000A\000c\000k\000n\000o\000w\000l\000e\000d\000g\000e\000m\000e\000n\000t\000s}{subsection.3.7.1}% 992
\BOOKMARK [2][-]{subsection.3.7.2}{\376\377\000C\000h\000a\000n\000g\000e\000l\000o\000g}{section.3.7}% 993
\BOOKMARK [3][-]{subsubsection*.1076}{\376\377\000R\000e\000l\000e\000a\000s\000e\000\040\000H\000i\000s\000t\000o\000r\000y}{subsection.3.7.2}% 994
\BOOKMARK [4][-]{paragraph*.1077}{\376\377\000V\000e\000r\000s\000i\000o\000n\000\040\0001\000.\0000\000.\0000\000\040\000\050\000C\000u\000r\000r\000e\000n\000t\000\051}{subsubsection*.1076}% 995
\BOOKMARK [4][-]{paragraph*.1078}{\376\377\000P\000r\000e\000v\000i\000o\000u\000s\000\040\000V\000e\000r\000s\000i\000o\000n\000s\000\040\000\050\0000\000.\000x\000\040\000S\000e\000r\000i\000e\000s\000\051}{subsubsection*.1076}% 996
\BOOKMARK [3][-]{subsubsection*.1079}{\376\377\000H\000o\000w\000\040\000t\000o\000\040\000C\000h\000e\000c\000k\000\040\000Y\000o\000u\000r\000\040\000V\000e\000r\000s\000i\000o\000n}{subsection.3.7.2}% 997
\BOOKMARK [3][-]{subsubsection*.1080}{\376\377\000U\000p\000g\000r\000a\000d\000e\000\040\000I\000n\000s\000t\000r\000u\000c\000t\000i\000o\000n\000s}{subsection.3.7.2}% 998
\BOOKMARK [3][-]{subsubsection*.1081}{\376\377\000M\000i\000g\000r\000a\000t\000i\000o\000n\000\040\000G\000u\000i\000d\000e\000s}{subsection.3.7.2}% 999
\BOOKMARK [4][-]{paragraph*.1082}{\376\377\000M\000i\000g\000r\000a\000t\000i\000n\000g\000\040\000f\000r\000o\000m\000\040\0000\000.\000x\000\040\000t\000o\000\040\0001\000.\0000}{subsubsection*.1081}% 1000
\BOOKMARK [4][-]{paragraph*.1083}{\376\377\000A\000P\000I\000\040\000C\000h\000a\000n\000g\000e\000s\000\040\000a\000n\000d\000\040\000D\000e\000p\000r\000e\000c\000a\000t\000i\000o\000n\000s}{subsubsection*.1081}% 1001
\BOOKMARK [3][-]{subsubsection*.1084}{\376\377\000C\000o\000n\000t\000r\000i\000b\000u\000t\000i\000n\000g\000\040\000t\000o\000\040\000C\000h\000a\000n\000g\000e\000l\000o\000g}{subsection.3.7.2}% 1002
\BOOKMARK [3][-]{subsubsection*.1085}{\376\377\000S\000t\000a\000y\000i\000n\000g\000\040\000U\000p\000d\000a\000t\000e\000d}{subsection.3.7.2}% 1003
\BOOKMARK [3][-]{subsubsection*.1086}{\376\377\000N\000e\000x\000t\000\040\000S\000t\000e\000p\000s}{subsection.3.7.2}% 1004
\BOOKMARK [2][-]{subsection.3.7.3}{\376\377\000R\000o\000a\000d\000m\000a\000p\000\040\000\046\000\040\000V\000i\000s\000i\000o\000n}{section.3.7}% 1005
\BOOKMARK [3][-]{subsubsection*.1089}{\376\377\000L\000o\000n\000g\000-\000T\000e\000r\000m\000\040\000V\000i\000s\000i\000o\000n}{subsection.3.7.3}% 1006
\BOOKMARK [3][-]{subsubsection*.1090}{\376\377\000C\000u\000r\000r\000e\000n\000t\000\040\000F\000o\000c\000u\000s\000\040\000\050\000v\0001\000.\0000\000+\000\051}{subsection.3.7.3}% 1007
\BOOKMARK [3][-]{subsubsection*.1091}{\376\377\000P\000l\000a\000n\000n\000e\000d\000\040\000E\000n\000h\000a\000n\000c\000e\000m\000e\000n\000t\000s}{subsection.3.7.3}% 1008
\BOOKMARK [4][-]{paragraph*.1092}{\376\377\000N\000e\000a\000r\000\040\000T\000e\000r\000m\000\040\000\050\000N\000e\000x\000t\000\040\000R\000e\000l\000e\000a\000s\000e\000\051}{subsubsection*.1091}% 1009
\BOOKMARK [4][-]{paragraph*.1093}{\376\377\000M\000e\000d\000i\000u\000m\000\040\000T\000e\000r\000m\000\040\000\050\0001\000-\0002\000\040\000R\000e\000l\000e\000a\000s\000e\000s\000\051}{subsubsection*.1091}% 1010
\BOOKMARK [4][-]{paragraph*.1094}{\376\377\000L\000o\000n\000g\000e\000r\000\040\000T\000e\000r\000m\000\040\000\050\000F\000u\000t\000u\000r\000e\000\040\000R\000e\000l\000e\000a\000s\000e\000s\000\051}{subsubsection*.1091}% 1011
\BOOKMARK [3][-]{subsubsection*.1096}{\376\377\000R\000e\000s\000e\000a\000r\000c\000h\000\040\000D\000i\000r\000e\000c\000t\000i\000o\000n\000s}{subsection.3.7.3}% 1012
\BOOKMARK [3][-]{subsubsection*.1097}{\376\377\000C\000o\000m\000m\000u\000n\000i\000t\000y\000\040\000R\000e\000q\000u\000e\000s\000t\000s}{subsection.3.7.3}% 1013
\BOOKMARK [3][-]{subsubsection*.1099}{\376\377\000D\000o\000c\000u\000m\000e\000n\000t\000a\000t\000i\000o\000n\000\040\000G\000a\000p\000s\000\040\000B\000l\000o\000c\000k\000i\000n\000g\000\040\000N\000e\000w\000-\000U\000s\000e\000r\000\040\000A\000d\000o\000p\000t\000i\000o\000n}{subsection.3.7.3}% 1014
\BOOKMARK [4][-]{paragraph*.1100}{\376\377\000V\000o\000t\000e\000\040\000o\000n\000\040\000F\000e\000a\000t\000u\000r\000e\000s}{subsubsection*.1099}% 1015
\BOOKMARK [3][-]{subsubsection*.1101}{\376\377\000C\000o\000n\000t\000r\000i\000b\000u\000t\000i\000n\000g\000\040\000t\000o\000\040\000D\000e\000v\000e\000l\000o\000p\000m\000e\000n\000t}{subsection.3.7.3}% 1016
\BOOKMARK [3][-]{subsubsection*.1102}{\376\377\000R\000e\000l\000e\000a\000s\000e\000\040\000C\000y\000c\000l\000e}{subsection.3.7.3}% 1017
\BOOKMARK [3][-]{subsubsection*.1103}{\376\377\000S\000t\000a\000y\000i\000n\000g\000\040\000U\000p\000d\000a\000t\000e\000d}{subsection.3.7.3}% 1018
\BOOKMARK [3][-]{subsubsection*.1104}{\376\377\000N\000e\000x\000t\000\040\000S\000t\000e\000p\000s}{subsection.3.7.3}% 1019
\BOOKMARK [2][-]{subsection.3.7.4}{\376\377\000C\000o\000n\000t\000r\000i\000b\000u\000t\000i\000n\000g\000\040\000t\000o\000\040\000p\000y\0003\000p\000l\000e\000x}{section.3.7}% 1020
\BOOKMARK [3][-]{subsubsection*.1105}{\376\377\000Q\000u\000i\000c\000k\000\040\000C\000h\000e\000c\000k\000l\000i\000s\000t}{subsection.3.7.4}% 1021
\BOOKMARK [3][-]{subsubsection*.1106}{\376\377\000W\000a\000y\000s\000\040\000t\000o\000\040\000C\000o\000n\000t\000r\000i\000b\000u\000t\000e}{subsection.3.7.4}% 1022
\BOOKMARK [3][-]{subsubsection*.1107}{\376\377\000G\000e\000t\000t\000i\000n\000g\000\040\000S\000t\000a\000r\000t\000e\000d}{subsection.3.7.4}% 1023
\BOOKMARK [4][-]{paragraph*.1108}{\376\377\000F\000o\000r\000k\000\040\000a\000n\000d\000\040\000C\000l\000o\000n\000e}{subsubsection*.1107}% 1024
\BOOKMARK [4][-]{paragraph*.1109}{\376\377\000D\000e\000v\000e\000l\000o\000p\000m\000e\000n\000t\000\040\000S\000e\000t\000u\000p}{subsubsection*.1107}% 1025
\BOOKMARK [3][-]{subsubsection*.1110}{\376\377\000D\000e\000v\000e\000l\000o\000p\000m\000e\000n\000t\000\040\000W\000o\000r\000k\000f\000l\000o\000w}{subsection.3.7.4}% 1026
\BOOKMARK [4][-]{paragraph*.1111}{\376\377\000C\000r\000e\000a\000t\000e\000\040\000a\000\040\000B\000r\000a\000n\000c\000h}{subsubsection*.1110}% 1027
\BOOKMARK [4][-]{paragraph*.1112}{\376\377\000M\000a\000k\000e\000\040\000C\000h\000a\000n\000g\000e\000s}{subsubsection*.1110}% 1028
\BOOKMARK [4][-]{paragraph*.1113}{\376\377\000R\000u\000n\000\040\000T\000e\000s\000t\000s}{subsubsection*.1110}% 1029
\BOOKMARK [4][-]{paragraph*.1114}{\376\377\000R\000u\000n\000\040\000L\000i\000n\000t\000e\000r\000s}{subsubsection*.1110}% 1030
\BOOKMARK [4][-]{paragraph*.1115}{\376\377\000C\000o\000m\000m\000i\000t\000\040\000C\000h\000a\000n\000g\000e\000s}{subsubsection*.1110}% 1031
\BOOKMARK [4][-]{paragraph*.1116}{\376\377\000P\000u\000s\000h\000\040\000a\000n\000d\000\040\000C\000r\000e\000a\000t\000e\000\040\000P\000R}{subsubsection*.1110}% 1032
\BOOKMARK [3][-]{subsubsection*.1117}{\376\377\000C\000o\000d\000i\000n\000g\000\040\000S\000t\000a\000n\000d\000a\000r\000d\000s}{subsection.3.7.4}% 1033
\BOOKMARK [4][-]{paragraph*.1118}{\376\377\000C\000o\000d\000e\000\040\000S\000t\000y\000l\000e}{subsubsection*.1117}% 1034
\BOOKMARK [4][-]{paragraph*.1119}{\376\377\000N\000a\000m\000i\000n\000g\000\040\000C\000o\000n\000v\000e\000n\000t\000i\000o\000n\000s}{subsubsection*.1117}% 1035
\BOOKMARK [4][-]{paragraph*.1120}{\376\377\000D\000o\000c\000s\000t\000r\000i\000n\000g\000s}{subsubsection*.1117}% 1036
\BOOKMARK [4][-]{paragraph*.1121}{\376\377\000T\000y\000p\000e\000\040\000H\000i\000n\000t\000s}{subsubsection*.1117}% 1037
\BOOKMARK [3][-]{subsubsection*.1122}{\376\377\000T\000e\000s\000t\000i\000n\000g\000\040\000G\000u\000i\000d\000e\000l\000i\000n\000e\000s}{subsection.3.7.4}% 1038
\BOOKMARK [4][-]{paragraph*.1123}{\376\377\000T\000e\000s\000t\000\040\000R\000e\000q\000u\000i\000r\000e\000m\000e\000n\000t\000s}{subsubsection*.1122}% 1039
\BOOKMARK [4][-]{paragraph*.1124}{\376\377\000W\000r\000i\000t\000i\000n\000g\000\040\000T\000e\000s\000t\000s}{subsubsection*.1122}% 1040
\BOOKMARK [4][-]{paragraph*.1125}{\376\377\000T\000e\000s\000t\000\040\000C\000o\000v\000e\000r\000a\000g\000e}{subsubsection*.1122}% 1041
\BOOKMARK [3][-]{subsubsection*.1126}{\376\377\000D\000o\000c\000u\000m\000e\000n\000t\000a\000t\000i\000o\000n}{subsection.3.7.4}% 1042
\BOOKMARK [4][-]{paragraph*.1127}{\376\377\000U\000p\000d\000a\000t\000e\000\040\000D\000o\000c\000u\000m\000e\000n\000t\000a\000t\000i\000o\000n}{subsubsection*.1126}% 1043
\BOOKMARK [4][-]{paragraph*.1128}{\376\377\000B\000u\000i\000l\000d\000\040\000D\000o\000c\000u\000m\000e\000n\000t\000a\000t\000i\000o\000n}{subsubsection*.1126}% 1044
\BOOKMARK [4][-]{paragraph*.1129}{\376\377\000D\000o\000c\000u\000m\000e\000n\000t\000a\000t\000i\000o\000n\000\040\000S\000t\000y\000l\000e}{subsubsection*.1126}% 1045
\BOOKMARK [3][-]{subsubsection*.1130}{\376\377\000P\000u\000l\000l\000\040\000R\000e\000q\000u\000e\000s\000t\000\040\000G\000u\000i\000d\000e\000l\000i\000n\000e\000s}{subsection.3.7.4}% 1046
\BOOKMARK [4][-]{paragraph*.1131}{\376\377\000B\000e\000f\000o\000r\000e\000\040\000S\000u\000b\000m\000i\000t\000t\000i\000n\000g}{subsubsection*.1130}% 1047
\BOOKMARK [4][-]{paragraph*.1132}{\376\377\000P\000R\000\040\000D\000e\000s\000c\000r\000i\000p\000t\000i\000o\000n}{subsubsection*.1130}% 1048
\BOOKMARK [4][-]{paragraph*.1133}{\376\377\000R\000e\000v\000i\000e\000w\000\040\000P\000r\000o\000c\000e\000s\000s}{subsubsection*.1130}% 1049
\BOOKMARK [3][-]{subsubsection*.1134}{\376\377\000R\000e\000p\000o\000r\000t\000i\000n\000g\000\040\000I\000s\000s\000u\000e\000s}{subsection.3.7.4}% 1050
\BOOKMARK [4][-]{paragraph*.1135}{\376\377\000B\000u\000g\000\040\000R\000e\000p\000o\000r\000t\000s}{subsubsection*.1134}% 1051
\BOOKMARK [4][-]{paragraph*.1136}{\376\377\000F\000e\000a\000t\000u\000r\000e\000\040\000R\000e\000q\000u\000e\000s\000t\000s}{subsubsection*.1134}% 1052
\BOOKMARK [3][-]{subsubsection*.1137}{\376\377\000C\000o\000d\000e\000\040\000o\000f\000\040\000C\000o\000n\000d\000u\000c\000t}{subsection.3.7.4}% 1053
\BOOKMARK [3][-]{subsubsection*.1138}{\376\377\000L\000i\000c\000e\000n\000s\000e}{subsection.3.7.4}% 1054
\BOOKMARK [3][-]{subsubsection*.1139}{\376\377\000R\000e\000c\000o\000g\000n\000i\000t\000i\000o\000n}{subsection.3.7.4}% 1055
\BOOKMARK [3][-]{subsubsection*.1140}{\376\377\000G\000e\000t\000t\000i\000n\000g\000\040\000H\000e\000l\000p}{subsection.3.7.4}% 1056
\BOOKMARK [3][-]{subsubsection*.1141}{\376\377\000N\000e\000x\000t\000\040\000S\000t\000e\000p\000s}{subsection.3.7.4}% 1057
\BOOKMARK [2][-]{subsection.3.7.5}{\376\377\000B\000e\000n\000c\000h\000m\000a\000r\000k\000i\000n\000g\000\040\000\046\000\040\000P\000e\000r\000f\000o\000r\000m\000a\000n\000c\000e}{section.3.7}% 1058
\BOOKMARK [3][-]{subsubsection*.1144}{\376\377\000N\000e\000t\000w\000o\000r\000k\000\040\000S\000c\000a\000l\000e\000\040\000G\000u\000i\000d\000e\000l\000i\000n\000e\000s}{subsection.3.7.5}% 1059
\BOOKMARK [3][-]{subsubsection*.1145}{\376\377\000P\000e\000r\000f\000o\000r\000m\000a\000n\000c\000e\000\040\000T\000i\000p\000s}{subsection.3.7.5}% 1060
\BOOKMARK [4][-]{paragraph*.1146}{\376\377\000U\000s\000e\000\040\000S\000p\000a\000r\000s\000e\000\040\000M\000a\000t\000r\000i\000c\000e\000s}{subsubsection*.1145}% 1061
\BOOKMARK [4][-]{paragraph*.1147}{\376\377\000B\000a\000t\000c\000h\000\040\000O\000p\000e\000r\000a\000t\000i\000o\000n\000s}{subsubsection*.1145}% 1062
\BOOKMARK [4][-]{paragraph*.1148}{\376\377\000U\000s\000e\000\040\000A\000r\000r\000o\000w\000/\000P\000a\000r\000q\000u\000e\000t\000\040\000f\000o\000r\000\040\000I\000/\000O}{subsubsection*.1145}% 1063
\BOOKMARK [4][-]{paragraph*.1149}{\376\377\000P\000a\000r\000a\000l\000l\000e\000l\000\040\000P\000r\000o\000c\000e\000s\000s\000i\000n\000g}{subsubsection*.1145}% 1064
\BOOKMARK [3][-]{subsubsection*.1150}{\376\377\000B\000e\000n\000c\000h\000m\000a\000r\000k\000\040\000R\000e\000s\000u\000l\000t\000s}{subsection.3.7.5}% 1065
\BOOKMARK [4][-]{paragraph*.1151}{\376\377\000A\000l\000g\000o\000r\000i\000t\000h\000m\000\040\000R\000u\000n\000t\000i\000m\000e\000s\000\040\000v\000s\000.\000\040\000N\000e\000t\000w\000o\000r\000k\000\040\000S\000i\000z\000e}{subsubsection*.1150}% 1066
\BOOKMARK [5][-]{subparagraph*.1152}{\376\377\000C\000o\000m\000m\000u\000n\000i\000t\000y\000\040\000D\000e\000t\000e\000c\000t\000i\000o\000n\000\040\000\050\000L\000o\000u\000v\000a\000i\000n\000\051}{paragraph*.1151}% 1067
\BOOKMARK [5][-]{subparagraph*.1153}{\376\377\000C\000e\000n\000t\000r\000a\000l\000i\000t\000y\000\040\000C\000o\000m\000p\000u\000t\000a\000t\000i\000o\000n\000\040\000\050\000B\000e\000t\000w\000e\000e\000n\000n\000e\000s\000s\000\051}{paragraph*.1151}% 1068
\BOOKMARK [5][-]{subparagraph*.1154}{\376\377\000N\000o\000d\000e\0002\000V\000e\000c\000\040\000E\000m\000b\000e\000d\000d\000i\000n\000g\000s}{paragraph*.1151}% 1069
\BOOKMARK [5][-]{subparagraph*.1155}{\376\377\000D\000y\000n\000a\000m\000i\000c\000s\000\040\000S\000i\000m\000u\000l\000a\000t\000i\000o\000n\000\040\000\050\000S\000I\000R\000\051}{paragraph*.1151}% 1070
\BOOKMARK [4][-]{paragraph*.1156}{\376\377\000M\000e\000m\000o\000r\000y\000\040\000U\000s\000a\000g\000e\000\040\000P\000r\000o\000f\000i\000l\000e\000s}{subsubsection*.1150}% 1071
\BOOKMARK [4][-]{paragraph*.1157}{\376\377\000C\000o\000m\000p\000a\000r\000i\000s\000o\000n\000\040\000w\000i\000t\000h\000\040\000O\000t\000h\000e\000r\000\040\000T\000o\000o\000l\000s}{subsubsection*.1150}% 1072
\BOOKMARK [5][-]{subparagraph*.1158}{\376\377\000C\000o\000m\000m\000u\000n\000i\000t\000y\000\040\000D\000e\000t\000e\000c\000t\000i\000o\000n\000:\000\040\000p\000y\0003\000p\000l\000e\000x\000\040\000v\000s\000.\000\040\000N\000e\000t\000w\000o\000r\000k\000X}{paragraph*.1157}% 1073
\BOOKMARK [5][-]{subparagraph*.1159}{\376\377\000N\000o\000d\000e\000\040\000E\000m\000b\000e\000d\000d\000i\000n\000g\000s\000:\000\040\000p\000y\0003\000p\000l\000e\000x\000\040\000v\000s\000.\000\040\000n\000o\000d\000e\0002\000v\000e\000c}{paragraph*.1157}% 1074
\BOOKMARK [3][-]{subsubsection*.1160}{\376\377\000R\000u\000n\000n\000i\000n\000g\000\040\000B\000e\000n\000c\000h\000m\000a\000r\000k\000s}{subsection.3.7.5}% 1075
\BOOKMARK [3][-]{subsubsection*.1161}{\376\377\000P\000r\000o\000f\000i\000l\000i\000n\000g\000\040\000Y\000o\000u\000r\000\040\000C\000o\000d\000e}{subsection.3.7.5}% 1076
\BOOKMARK [4][-]{paragraph*.1162}{\376\377\000M\000e\000m\000o\000r\000y\000\040\000P\000r\000o\000f\000i\000l\000i\000n\000g}{subsubsection*.1161}% 1077
\BOOKMARK [3][-]{subsubsection*.1163}{\376\377\000O\000p\000t\000i\000m\000i\000z\000a\000t\000i\000o\000n\000\040\000S\000t\000r\000a\000t\000e\000g\000i\000e\000s}{subsection.3.7.5}% 1078
\BOOKMARK [4][-]{paragraph*.1164}{\376\377\000F\000o\000r\000\040\000L\000a\000r\000g\000e\000\040\000N\000e\000t\000w\000o\000r\000k\000s}{subsubsection*.1163}% 1079
\BOOKMARK [4][-]{paragraph*.1165}{\376\377\000F\000o\000r\000\040\000R\000e\000p\000e\000a\000t\000e\000d\000\040\000A\000n\000a\000l\000y\000s\000i\000s}{subsubsection*.1163}% 1080
\BOOKMARK [4][-]{paragraph*.1166}{\376\377\000F\000o\000r\000\040\000P\000r\000o\000d\000u\000c\000t\000i\000o\000n}{subsubsection*.1163}% 1081
\BOOKMARK [3][-]{subsubsection*.1167}{\376\377\000H\000a\000r\000d\000w\000a\000r\000e\000\040\000R\000e\000c\000o\000m\000m\000e\000n\000d\000a\000t\000i\000o\000n\000s}{subsection.3.7.5}% 1082
\BOOKMARK [3][-]{subsubsection*.1168}{\376\377\000N\000e\000x\000t\000\040\000S\000t\000e\000p\000s}{subsection.3.7.5}% 1083
\BOOKMARK [2][-]{subsection.3.7.6}{\376\377\000C\000i\000t\000a\000t\000i\000o\000n\000\040\000a\000n\000d\000\040\000R\000e\000f\000e\000r\000e\000n\000c\000e\000s}{section.3.7}% 1084
\BOOKMARK [3][-]{subsubsection*.1169}{\376\377\000P\000r\000i\000m\000a\000r\000y\000\040\000C\000i\000t\000a\000t\000i\000o\000n}{subsection.3.7.6}% 1085
\BOOKMARK [3][-]{subsubsection*.1170}{\376\377\000C\000o\000n\000f\000e\000r\000e\000n\000c\000e\000\040\000P\000a\000p\000e\000r}{subsection.3.7.6}% 1086
\BOOKMARK [3][-]{subsubsection*.1171}{\376\377\000A\000l\000g\000o\000r\000i\000t\000h\000m\000-\000S\000p\000e\000c\000i\000f\000i\000c\000\040\000C\000i\000t\000a\000t\000i\000o\000n\000s}{subsection.3.7.6}% 1087
\BOOKMARK [4][-]{paragraph*.1172}{\376\377\000M\000u\000l\000t\000i\000l\000a\000y\000e\000r\000\040\000M\000o\000d\000u\000l\000a\000r\000i\000t\000y}{subsubsection*.1171}% 1088
\BOOKMARK [4][-]{paragraph*.1173}{\376\377\000N\000o\000d\000e\0002\000V\000e\000c}{subsubsection*.1171}% 1089
\BOOKMARK [4][-]{paragraph*.1174}{\376\377\000L\000o\000u\000v\000a\000i\000n\000\040\000A\000l\000g\000o\000r\000i\000t\000h\000m}{subsubsection*.1171}% 1090
\BOOKMARK [4][-]{paragraph*.1175}{\376\377\000I\000n\000f\000o\000m\000a\000p}{subsubsection*.1171}% 1091
\BOOKMARK [4][-]{paragraph*.1176}{\376\377\000M\000u\000l\000t\000i\000X\000R\000a\000n\000k}{subsubsection*.1171}% 1092
\BOOKMARK [4][-]{paragraph*.1177}{\376\377\000D\000e\000e\000p\000W\000a\000l\000k}{subsubsection*.1171}% 1093
\BOOKMARK [4][-]{paragraph*.1178}{\376\377\000M\000u\000l\000t\000i\000l\000a\000y\000e\000r\000\040\000N\000e\000t\000w\000o\000r\000k\000\040\000T\000h\000e\000o\000r\000y}{subsubsection*.1171}% 1094
\BOOKMARK [3][-]{subsubsection*.1179}{\376\377\000C\000o\000m\000p\000l\000e\000t\000e\000\040\000C\000i\000t\000a\000t\000i\000o\000n\000\040\000L\000i\000s\000t}{subsection.3.7.6}% 1095
\BOOKMARK [3][-]{subsubsection*.1180}{\376\377\000A\000c\000k\000n\000o\000w\000l\000e\000d\000g\000m\000e\000n\000t\000s}{subsection.3.7.6}% 1096
\BOOKMARK [4][-]{paragraph*.1181}{\376\377\000D\000e\000v\000e\000l\000o\000p\000m\000e\000n\000t\000\040\000a\000n\000d\000\040\000C\000o\000n\000t\000r\000i\000b\000u\000t\000o\000r\000s}{subsubsection*.1180}% 1097
\BOOKMARK [4][-]{paragraph*.1182}{\376\377\000F\000u\000n\000d\000i\000n\000g\000\040\000a\000n\000d\000\040\000S\000u\000p\000p\000o\000r\000t}{subsubsection*.1180}% 1098
\BOOKMARK [4][-]{paragraph*.1183}{\376\377\000E\000x\000t\000e\000r\000n\000a\000l\000\040\000L\000i\000b\000r\000a\000r\000i\000e\000s}{subsubsection*.1180}% 1099
\BOOKMARK [4][-]{paragraph*.1184}{\376\377\000C\000o\000m\000m\000u\000n\000i\000t\000y\000\040\000A\000c\000k\000n\000o\000w\000l\000e\000d\000g\000m\000e\000n\000t\000s}{subsubsection*.1180}% 1100
\BOOKMARK [3][-]{subsubsection*.1185}{\376\377\000L\000i\000c\000e\000n\000s\000e\000\040\000I\000n\000f\000o\000r\000m\000a\000t\000i\000o\000n}{subsection.3.7.6}% 1101
\BOOKMARK [3][-]{subsubsection*.1186}{\376\377\000C\000o\000n\000t\000a\000c\000t}{subsection.3.7.6}% 1102
\BOOKMARK [3][-]{subsubsection*.1187}{\376\377\000R\000e\000l\000a\000t\000e\000d\000\040\000W\000o\000r\000k}{subsection.3.7.6}% 1103
\BOOKMARK [3][-]{subsubsection*.1188}{\376\377\000U\000s\000a\000g\000e\000\040\000i\000n\000\040\000P\000u\000b\000l\000i\000c\000a\000t\000i\000o\000n\000s}{subsection.3.7.6}% 1104
\BOOKMARK [3][-]{subsubsection*.1189}{\376\377\000S\000e\000e\000\040\000A\000l\000s\000o}{subsection.3.7.6}% 1105
\BOOKMARK [1][-]{section.3.8}{\376\377\000A\000d\000d\000i\000t\000i\000o\000n\000a\000l\000\040\000S\000e\000c\000t\000i\000o\000n\000s}{chapter.3}% 1106
\BOOKMARK [2][-]{subsection.3.8.1}{\376\377\000E\000n\000v\000i\000r\000o\000n\000m\000e\000n\000t\000s\000\040\000\046\000\040\000D\000e\000p\000l\000o\000y\000m\000e\000n\000t}{section.3.8}% 1107
\BOOKMARK [3][-]{subsubsection*.1192}{\376\377\000W\000h\000e\000n\000\040\000t\000o\000\040\000U\000s\000e\000\040\000T\000h\000i\000s\000\040\000S\000e\000c\000t\000i\000o\000n}{subsection.3.8.1}% 1108
\BOOKMARK [2][-]{subsection.3.8.2}{\376\377\000D\000o\000c\000k\000e\000r\000\040\000U\000s\000a\000g\000e\000\040\000G\000u\000i\000d\000e}{section.3.8}% 1109
\BOOKMARK [3][-]{subsubsection*.1236}{\376\377\000P\000r\000e\000r\000e\000q\000u\000i\000s\000i\000t\000e\000s}{subsection.3.8.2}% 1110
\BOOKMARK [3][-]{subsubsection*.1237}{\376\377\000Q\000u\000i\000c\000k\000s\000t\000a\000r\000t}{subsection.3.8.2}% 1111
\BOOKMARK [3][-]{subsubsection*.1238}{\376\377\000B\000u\000i\000l\000d\000i\000n\000g\000\040\000t\000h\000e\000\040\000I\000m\000a\000g\000e}{subsection.3.8.2}% 1112
\BOOKMARK [4][-]{paragraph*.1239}{\376\377\000U\000s\000i\000n\000g\000\040\000D\000o\000c\000k\000e\000r}{subsubsection*.1238}% 1113
\BOOKMARK [4][-]{paragraph*.1240}{\376\377\000U\000s\000i\000n\000g\000\040\000D\000o\000c\000k\000e\000r\000\040\000C\000o\000m\000p\000o\000s\000e}{subsubsection*.1238}% 1114
\BOOKMARK [3][-]{subsubsection*.1241}{\376\377\000R\000u\000n\000n\000i\000n\000g\000\040\000C\000o\000m\000m\000a\000n\000d\000s}{subsection.3.8.2}% 1115
\BOOKMARK [4][-]{paragraph*.1242}{\376\377\000B\000a\000s\000i\000c\000\040\000C\000o\000m\000m\000a\000n\000d\000s}{subsubsection*.1241}% 1116
\BOOKMARK [4][-]{paragraph*.1243}{\376\377\000U\000s\000i\000n\000g\000\040\000D\000o\000c\000k\000e\000r\000\040\000C\000o\000m\000p\000o\000s\000e}{subsubsection*.1241}% 1117
\BOOKMARK [3][-]{subsubsection*.1244}{\376\377\000W\000o\000r\000k\000i\000n\000g\000\040\000w\000i\000t\000h\000\040\000F\000i\000l\000e\000s}{subsection.3.8.2}% 1118
\BOOKMARK [4][-]{paragraph*.1245}{\376\377\000C\000r\000e\000a\000t\000i\000n\000g\000\040\000a\000\040\000D\000a\000t\000a\000\040\000D\000i\000r\000e\000c\000t\000o\000r\000y}{subsubsection*.1244}% 1119
\BOOKMARK [4][-]{paragraph*.1246}{\376\377\000M\000o\000u\000n\000t\000i\000n\000g\000\040\000V\000o\000l\000u\000m\000e\000s}{subsubsection*.1244}% 1120
\BOOKMARK [4][-]{paragraph*.1247}{\376\377\000C\000o\000m\000p\000l\000e\000t\000e\000\040\000W\000o\000r\000k\000f\000l\000o\000w\000\040\000E\000x\000a\000m\000p\000l\000e}{subsubsection*.1244}% 1121
\BOOKMARK [3][-]{subsubsection*.1248}{\376\377\000A\000d\000v\000a\000n\000c\000e\000d\000\040\000U\000s\000a\000g\000e}{subsection.3.8.2}% 1122
\BOOKMARK [4][-]{paragraph*.1249}{\376\377\000I\000n\000t\000e\000r\000a\000c\000t\000i\000v\000e\000\040\000S\000h\000e\000l\000l}{subsubsection*.1248}% 1123
\BOOKMARK [4][-]{paragraph*.1250}{\376\377\000U\000s\000i\000n\000g\000\040\000P\000y\000t\000h\000o\000n\000\040\000A\000P\000I}{subsubsection*.1248}% 1124
\BOOKMARK [4][-]{paragraph*.1251}{\376\377\000C\000u\000s\000t\000o\000m\000\040\000I\000m\000a\000g\000e\000\040\000B\000u\000i\000l\000d\000s}{subsubsection*.1248}% 1125
\BOOKMARK [4][-]{paragraph*.1252}{\376\377\000D\000o\000c\000k\000e\000r\000\040\000C\000o\000m\000p\000o\000s\000e\000\040\000w\000i\000t\000h\000\040\000M\000u\000l\000t\000i\000p\000l\000e\000\040\000S\000e\000r\000v\000i\000c\000e\000s}{subsubsection*.1248}% 1126
\BOOKMARK [3][-]{subsubsection*.1253}{\376\377\000H\000e\000l\000p\000e\000r\000\040\000S\000c\000r\000i\000p\000t\000s}{subsection.3.8.2}% 1127
\BOOKMARK [4][-]{paragraph*.1254}{\376\377\000p\000y\0003\000p\000l\000e\000x\000-\000d\000o\000c\000k\000e\000r\000.\000s\000h}{subsubsection*.1253}% 1128
\BOOKMARK [4][-]{paragraph*.1255}{\376\377\000t\000e\000s\000t\000-\000d\000o\000c\000k\000e\000r\000-\000s\000e\000t\000u\000p\000.\000s\000h}{subsubsection*.1253}% 1129
\BOOKMARK [3][-]{subsubsection*.1256}{\376\377\000D\000o\000c\000k\000e\000r\000\040\000C\000o\000n\000f\000i\000g\000u\000r\000a\000t\000i\000o\000n\000\040\000F\000i\000l\000e\000s}{subsection.3.8.2}% 1130
\BOOKMARK [4][-]{paragraph*.1257}{\376\377\000.\000d\000o\000c\000k\000e\000r\000i\000g\000n\000o\000r\000e}{subsubsection*.1256}% 1131
\BOOKMARK [3][-]{subsubsection*.1258}{\376\377\000T\000r\000o\000u\000b\000l\000e\000s\000h\000o\000o\000t\000i\000n\000g}{subsection.3.8.2}% 1132
\BOOKMARK [4][-]{paragraph*.1259}{\376\377\000T\000e\000s\000t\000i\000n\000g\000\040\000t\000h\000e\000\040\000D\000o\000c\000k\000e\000r\000\040\000S\000e\000t\000u\000p}{subsubsection*.1258}% 1133
\BOOKMARK [4][-]{paragraph*.1260}{\376\377\000P\000e\000r\000m\000i\000s\000s\000i\000o\000n\000\040\000I\000s\000s\000u\000e\000s}{subsubsection*.1258}% 1134
\BOOKMARK [4][-]{paragraph*.1261}{\376\377\000C\000o\000n\000t\000a\000i\000n\000e\000r\000\040\000N\000o\000t\000\040\000F\000o\000u\000n\000d}{subsubsection*.1258}% 1135
\BOOKMARK [4][-]{paragraph*.1262}{\376\377\000N\000e\000t\000w\000o\000r\000k\000\040\000I\000s\000s\000u\000e\000s\000\040\000D\000u\000r\000i\000n\000g\000\040\000B\000u\000i\000l\000d}{subsubsection*.1258}% 1136
\BOOKMARK [4][-]{paragraph*.1263}{\376\377\000O\000u\000t\000\040\000o\000f\000\040\000D\000i\000s\000k\000\040\000S\000p\000a\000c\000e}{subsubsection*.1258}% 1137
\BOOKMARK [4][-]{paragraph*.1264}{\376\377\000D\000e\000b\000u\000g\000g\000i\000n\000g\000\040\000B\000u\000i\000l\000d\000\040\000I\000s\000s\000u\000e\000s}{subsubsection*.1258}% 1138
\BOOKMARK [3][-]{subsubsection*.1265}{\376\377\000B\000e\000s\000t\000\040\000P\000r\000a\000c\000t\000i\000c\000e\000s}{subsection.3.8.2}% 1139
\BOOKMARK [3][-]{subsubsection*.1266}{\376\377\000P\000r\000a\000c\000t\000i\000c\000a\000l\000\040\000E\000x\000a\000m\000p\000l\000e\000s}{subsection.3.8.2}% 1140
\BOOKMARK [4][-]{paragraph*.1267}{\376\377\000B\000a\000s\000i\000c\000\040\000N\000e\000t\000w\000o\000r\000k\000\040\000A\000n\000a\000l\000y\000s\000i\000s}{subsubsection*.1266}% 1141
\BOOKMARK [4][-]{paragraph*.1268}{\376\377\000C\000o\000m\000m\000u\000n\000i\000t\000y\000\040\000D\000e\000t\000e\000c\000t\000i\000o\000n}{subsubsection*.1266}% 1142
\BOOKMARK [4][-]{paragraph*.1269}{\376\377\000C\000e\000n\000t\000r\000a\000l\000i\000t\000y\000\040\000A\000n\000a\000l\000y\000s\000i\000s}{subsubsection*.1266}% 1143
\BOOKMARK [4][-]{paragraph*.1270}{\376\377\000B\000a\000t\000c\000h\000\040\000P\000r\000o\000c\000e\000s\000s\000i\000n\000g}{subsubsection*.1266}% 1144
\BOOKMARK [4][-]{paragraph*.1271}{\376\377\000C\000u\000s\000t\000o\000m\000\040\000A\000n\000a\000l\000y\000s\000i\000s\000\040\000S\000c\000r\000i\000p\000t}{subsubsection*.1266}% 1145
\BOOKMARK [4][-]{paragraph*.1272}{\376\377\000C\000o\000m\000p\000l\000e\000t\000e\000\040\000A\000n\000a\000l\000y\000s\000i\000s\000\040\000P\000i\000p\000e\000l\000i\000n\000e}{subsubsection*.1266}% 1146
\BOOKMARK [4][-]{paragraph*.1273}{\376\377\000C\000o\000m\000p\000a\000r\000a\000t\000i\000v\000e\000\040\000N\000e\000t\000w\000o\000r\000k\000\040\000A\000n\000a\000l\000y\000s\000i\000s}{subsubsection*.1266}% 1147
\BOOKMARK [3][-]{subsubsection*.1274}{\376\377\000C\000I\000/\000C\000D\000\040\000I\000n\000t\000e\000g\000r\000a\000t\000i\000o\000n}{subsection.3.8.2}% 1148
\BOOKMARK [4][-]{paragraph*.1275}{\376\377\000G\000i\000t\000H\000u\000b\000\040\000A\000c\000t\000i\000o\000n\000s}{subsubsection*.1274}% 1149
\BOOKMARK [4][-]{paragraph*.1276}{\376\377\000G\000i\000t\000L\000a\000b\000\040\000C\000I}{subsubsection*.1274}% 1150
\BOOKMARK [3][-]{subsubsection*.1277}{\376\377\000A\000d\000d\000i\000t\000i\000o\000n\000a\000l\000\040\000R\000e\000s\000o\000u\000r\000c\000e\000s}{subsection.3.8.2}% 1151
\BOOKMARK [3][-]{subsubsection*.1281}{\376\377\000S\000u\000p\000p\000o\000r\000t}{subsection.3.8.2}% 1152
\BOOKMARK [2][-]{subsection.3.8.3}{\376\377\000P\000e\000r\000f\000o\000r\000m\000a\000n\000c\000e\000\040\000a\000n\000d\000\040\000S\000c\000a\000l\000a\000b\000i\000l\000i\000t\000y\000\040\000B\000e\000s\000t\000\040\000P\000r\000a\000c\000t\000i\000c\000e\000s}{section.3.8}% 1153
\BOOKMARK [3][-]{subsubsection*.1317}{\376\377\000N\000e\000t\000w\000o\000r\000k\000\040\000S\000c\000a\000l\000e\000\040\000G\000u\000i\000d\000e\000l\000i\000n\000e\000s}{subsection.3.8.3}% 1154
\BOOKMARK [3][-]{subsubsection*.1318}{\376\377\000S\000p\000a\000r\000s\000e\000\040\000M\000a\000t\000r\000i\000x\000\040\000B\000a\000c\000k\000e\000n\000d}{subsection.3.8.3}% 1155
\BOOKMARK [4][-]{paragraph*.1319}{\376\377\000W\000h\000y\000\040\000S\000p\000a\000r\000s\000e\000\040\000M\000a\000t\000r\000i\000c\000e\000s\000?}{subsubsection*.1318}% 1156
\BOOKMARK [4][-]{paragraph*.1320}{\376\377\000A\000u\000t\000o\000m\000a\000t\000i\000c\000\040\000S\000p\000a\000r\000s\000e\000\040\000M\000a\000t\000r\000i\000x\000\040\000U\000s\000a\000g\000e}{subsubsection*.1318}% 1157
\BOOKMARK [4][-]{paragraph*.1321}{\376\377\000F\000o\000r\000c\000e\000\040\000S\000p\000a\000r\000s\000e\000\040\000O\000p\000e\000r\000a\000t\000i\000o\000n\000s}{subsubsection*.1318}% 1158
\BOOKMARK [3][-]{subsubsection*.1322}{\376\377\000N\000e\000t\000w\000o\000r\000k\000\040\000S\000a\000m\000p\000l\000i\000n\000g}{subsection.3.8.3}% 1159
\BOOKMARK [4][-]{paragraph*.1323}{\376\377\000W\000h\000e\000n\000\040\000t\000o\000\040\000S\000a\000m\000p\000l\000e}{subsubsection*.1322}% 1160
\BOOKMARK [4][-]{paragraph*.1324}{\376\377\000R\000a\000n\000d\000o\000m\000\040\000N\000o\000d\000e\000\040\000S\000a\000m\000p\000l\000i\000n\000g}{subsubsection*.1322}% 1161
\BOOKMARK [4][-]{paragraph*.1325}{\376\377\000S\000t\000r\000a\000t\000i\000f\000i\000e\000d\000\040\000S\000a\000m\000p\000l\000i\000n\000g\000\040\000\050\000P\000r\000e\000s\000e\000r\000v\000e\000\040\000L\000a\000y\000e\000r\000\040\000D\000i\000s\000t\000r\000i\000b\000u\000t\000i\000o\000n\000\051}{subsubsection*.1322}% 1162
\BOOKMARK [4][-]{paragraph*.1326}{\376\377\000H\000u\000b\000-\000B\000a\000s\000e\000d\000\040\000S\000a\000m\000p\000l\000i\000n\000g\000\040\000\050\000K\000e\000e\000p\000\040\000I\000m\000p\000o\000r\000t\000a\000n\000t\000\040\000N\000o\000d\000e\000s\000\051}{subsubsection*.1322}% 1163
\BOOKMARK [3][-]{subsubsection*.1327}{\376\377\000A\000l\000g\000o\000r\000i\000t\000h\000m\000\040\000O\000p\000t\000i\000m\000i\000z\000a\000t\000i\000o\000n}{subsection.3.8.3}% 1164
\BOOKMARK [4][-]{paragraph*.1328}{\376\377\000C\000h\000o\000o\000s\000e\000\040\000E\000f\000f\000i\000c\000i\000e\000n\000t\000\040\000A\000l\000g\000o\000r\000i\000t\000h\000m\000s}{subsubsection*.1327}% 1165
\BOOKMARK [4][-]{paragraph*.1329}{\376\377\000L\000i\000m\000i\000t\000\040\000A\000l\000g\000o\000r\000i\000t\000h\000m\000\040\000I\000t\000e\000r\000a\000t\000i\000o\000n\000s}{subsubsection*.1327}% 1166
\BOOKMARK [3][-]{subsubsection*.1330}{\376\377\000P\000a\000r\000a\000l\000l\000e\000l\000\040\000P\000r\000o\000c\000e\000s\000s\000i\000n\000g}{subsection.3.8.3}% 1167
\BOOKMARK [4][-]{paragraph*.1331}{\376\377\000M\000u\000l\000t\000i\000-\000C\000o\000r\000e\000\040\000P\000r\000o\000c\000e\000s\000s\000i\000n\000g}{subsubsection*.1330}% 1168
\BOOKMARK [4][-]{paragraph*.1332}{\376\377\000G\000P\000U\000\040\000A\000c\000c\000e\000l\000e\000r\000a\000t\000i\000o\000n\000\040\000\050\000A\000d\000v\000a\000n\000c\000e\000d\000\051}{subsubsection*.1330}% 1169
\BOOKMARK [3][-]{subsubsection*.1333}{\376\377\000V\000i\000s\000u\000a\000l\000i\000z\000a\000t\000i\000o\000n\000\040\000O\000p\000t\000i\000m\000i\000z\000a\000t\000i\000o\000n}{subsection.3.8.3}% 1170
\BOOKMARK [4][-]{paragraph*.1334}{\376\377\000R\000e\000d\000u\000c\000e\000\040\000V\000i\000s\000u\000a\000l\000\040\000C\000o\000m\000p\000l\000e\000x\000i\000t\000y}{subsubsection*.1333}% 1171
\BOOKMARK [4][-]{paragraph*.1335}{\376\377\000S\000a\000v\000e\000\040\000t\000o\000\040\000F\000i\000l\000e\000\040\000I\000n\000s\000t\000e\000a\000d\000\040\000o\000f\000\040\000D\000i\000s\000p\000l\000a\000y}{subsubsection*.1333}% 1172
\BOOKMARK [4][-]{paragraph*.1336}{\376\377\000U\000s\000e\000\040\000L\000o\000w\000e\000r\000\040\000R\000e\000s\000o\000l\000u\000t\000i\000o\000n}{subsubsection*.1333}% 1173
\BOOKMARK [3][-]{subsubsection*.1337}{\376\377\000M\000e\000m\000o\000r\000y\000\040\000M\000a\000n\000a\000g\000e\000m\000e\000n\000t}{subsection.3.8.3}% 1174
\BOOKMARK [4][-]{paragraph*.1338}{\376\377\000M\000o\000n\000i\000t\000o\000r\000\040\000M\000e\000m\000o\000r\000y\000\040\000U\000s\000a\000g\000e}{subsubsection*.1337}% 1175
\BOOKMARK [4][-]{paragraph*.1339}{\376\377\000F\000r\000e\000e\000\040\000M\000e\000m\000o\000r\000y\000\040\000W\000h\000e\000n\000\040\000D\000o\000n\000e}{subsubsection*.1337}% 1176
\BOOKMARK [4][-]{paragraph*.1340}{\376\377\000U\000s\000e\000\040\000G\000e\000n\000e\000r\000a\000t\000o\000r\000s\000\040\000I\000n\000s\000t\000e\000a\000d\000\040\000o\000f\000\040\000L\000i\000s\000t\000s}{subsubsection*.1337}% 1177
\BOOKMARK [3][-]{subsubsection*.1341}{\376\377\000B\000a\000t\000c\000h\000\040\000P\000r\000o\000c\000e\000s\000s\000i\000n\000g}{subsection.3.8.3}% 1178
\BOOKMARK [4][-]{paragraph*.1342}{\376\377\000P\000r\000o\000c\000e\000s\000s\000\040\000N\000e\000t\000w\000o\000r\000k\000s\000\040\000i\000n\000\040\000B\000a\000t\000c\000h\000e\000s}{subsubsection*.1341}% 1179
\BOOKMARK [3][-]{subsubsection*.1343}{\376\377\000B\000e\000n\000c\000h\000m\000a\000r\000k\000\040\000R\000e\000s\000u\000l\000t\000s}{subsection.3.8.3}% 1180
\BOOKMARK [4][-]{paragraph*.1344}{\376\377\000I\000l\000l\000u\000s\000t\000r\000a\000t\000i\000v\000e\000\040\000P\000e\000r\000f\000o\000r\000m\000a\000n\000c\000e\000\040\000B\000e\000n\000c\000h\000m\000a\000r\000k\000s}{subsubsection*.1343}% 1181
\BOOKMARK [4][-]{paragraph*.1345}{\376\377\000S\000c\000a\000l\000i\000n\000g\000\040\000R\000e\000c\000o\000m\000m\000e\000n\000d\000a\000t\000i\000o\000n\000s}{subsubsection*.1343}% 1182
\BOOKMARK [3][-]{subsubsection*.1346}{\376\377\000A\000l\000t\000e\000r\000n\000a\000t\000i\000v\000e\000\040\000T\000o\000o\000l\000s\000\040\000f\000o\000r\000\040\000S\000c\000a\000l\000e}{subsection.3.8.3}% 1183
\BOOKMARK [4][-]{paragraph*.1347}{\376\377\000W\000h\000e\000n\000\040\000p\000y\0003\000p\000l\000e\000x\000\040\000I\000s\000n\040\031\000t\000\040\000E\000n\000o\000u\000g\000h}{subsubsection*.1346}% 1184
\BOOKMARK [3][-]{subsubsection*.1348}{\376\377\000Q\000u\000i\000c\000k\000\040\000P\000e\000r\000f\000o\000r\000m\000a\000n\000c\000e\000\040\000C\000h\000e\000c\000k\000l\000i\000s\000t}{subsection.3.8.3}% 1185
\BOOKMARK [4][-]{paragraph*.1349}{\376\377\000B\000e\000f\000o\000r\000e\000\040\000R\000u\000n\000n\000i\000n\000g\000\040\000o\000n\000\040\000L\000a\000r\000g\000e\000\040\000N\000e\000t\000w\000o\000r\000k}{subsubsection*.1348}% 1186
\BOOKMARK [4][-]{paragraph*.1350}{\376\377\000O\000p\000t\000i\000m\000i\000z\000a\000t\000i\000o\000n\000\040\000O\000r\000d\000e\000r}{subsubsection*.1348}% 1187
\BOOKMARK [3][-]{subsubsection*.1351}{\376\377\000N\000e\000x\000t\000\040\000S\000t\000e\000p\000s}{subsection.3.8.3}% 1188
\BOOKMARK [2][-]{subsection.3.8.4}{\376\377\000G\000U\000I\000:\000\040\000W\000e\000b\000\040\000I\000n\000t\000e\000r\000f\000a\000c\000e\000\040\000f\000o\000r\000\040\000N\000e\000t\000w\000o\000r\000k\000\040\000E\000x\000p\000l\000o\000r\000a\000t\000i\000o\000n}{section.3.8}% 1189
\BOOKMARK [3][-]{subsubsection*.1353}{\376\377\000R\000u\000n\000n\000i\000n\000g\000\040\000t\000h\000e\000\040\000G\000U\000I\000\040\000L\000o\000c\000a\000l\000l\000y}{subsection.3.8.4}% 1190
\BOOKMARK [3][-]{subsubsection*.1354}{\376\377\000G\000U\000I\000\040\000A\000c\000t\000i\000o\000n\000s\000\040\000v\000s\000\040\000p\000y\0003\000p\000l\000e\000x\000\040\000A\000P\000I\000s}{subsection.3.8.4}% 1191
\BOOKMARK [3][-]{subsubsection*.1355}{\376\377\000W\000h\000e\000n\000\040\000t\000o\000\040\000U\000s\000e\000\040\000t\000h\000e\000\040\000G\000U\000I}{subsection.3.8.4}% 1192
\BOOKMARK [2][-]{subsection.3.8.5}{\376\377\000P\000y\0003\000p\000l\000e\000x\000\040\000G\000U\000I}{section.3.8}% 1193
\BOOKMARK [3][-]{subsubsection*.1356}{\376\377\000V\000i\000s\000u\000a\000l\000\040\000O\000v\000e\000r\000v\000i\000e\000w}{subsection.3.8.5}% 1194
\BOOKMARK [3][-]{subsubsection*.1357}{\376\377\000P\000r\000e\000r\000e\000q\000u\000i\000s\000i\000t\000e\000s}{subsection.3.8.5}% 1195
\BOOKMARK [3][-]{subsubsection*.1358}{\376\377\000Q\000u\000i\000c\000k\000s\000t\000a\000r\000t}{subsection.3.8.5}% 1196
\BOOKMARK [3][-]{subsubsection*.1359}{\376\377\000A\000r\000c\000h\000i\000t\000e\000c\000t\000u\000r\000e}{subsection.3.8.5}% 1197
\BOOKMARK [3][-]{subsubsection*.1360}{\376\377\000F\000e\000a\000t\000u\000r\000e\000s}{subsection.3.8.5}% 1198
\BOOKMARK [4][-]{paragraph*.1361}{\376\377\000D\000a\000t\000a\000\040\000L\000o\000a\000d\000i\000n\000g}{subsubsection*.1360}% 1199
\BOOKMARK [4][-]{paragraph*.1362}{\376\377\000V\000i\000s\000u\000a\000l\000i\000z\000a\000t\000i\000o\000n}{subsubsection*.1360}% 1200
\BOOKMARK [4][-]{paragraph*.1363}{\376\377\000A\000n\000a\000l\000y\000s\000i\000s\000\040\000\050\000A\000s\000y\000n\000c\000\040\000v\000i\000a\000\040\000C\000e\000l\000e\000r\000y\000\051}{subsubsection*.1360}% 1201
\BOOKMARK [4][-]{paragraph*.1364}{\376\377\000E\000x\000p\000o\000r\000t}{subsubsection*.1360}% 1202
\BOOKMARK [4][-]{paragraph*.1365}{\376\377\000W\000o\000r\000k\000s\000p\000a\000c\000e\000\040\000B\000u\000n\000d\000l\000e\000s}{subsubsection*.1360}% 1203
\BOOKMARK [4][-]{paragraph*.1366}{\376\377\000J\000o\000b\000\040\000M\000o\000n\000i\000t\000o\000r\000i\000n\000g}{subsubsection*.1360}% 1204
\BOOKMARK [3][-]{subsubsection*.1367}{\376\377\000D\000e\000v\000e\000l\000o\000p\000m\000e\000n\000t\000\040\000G\000u\000i\000d\000e}{subsection.3.8.5}% 1205
\BOOKMARK [4][-]{paragraph*.1368}{\376\377\000P\000r\000o\000j\000e\000c\000t\000\040\000S\000t\000r\000u\000c\000t\000u\000r\000e}{subsubsection*.1367}% 1206
\BOOKMARK [4][-]{paragraph*.1369}{\376\377\000M\000a\000k\000e\000f\000i\000l\000e\000\040\000C\000o\000m\000m\000a\000n\000d\000s}{subsubsection*.1367}% 1207
\BOOKMARK [4][-]{paragraph*.1370}{\376\377\000L\000o\000c\000a\000l\000\040\000D\000e\000v\000e\000l\000o\000p\000m\000e\000n\000t\000\040\000A\000g\000a\000i\000n\000s\000t\000\040\000p\000y\0003\000p\000l\000e\000x}{subsubsection*.1367}% 1208
\BOOKMARK [3][-]{subsubsection*.1371}{\376\377\000C\000o\000n\000f\000i\000g\000u\000r\000a\000t\000i\000o\000n}{subsection.3.8.5}% 1209
\BOOKMARK [4][-]{paragraph*.1372}{\376\377\000E\000n\000v\000i\000r\000o\000n\000m\000e\000n\000t\000\040\000V\000a\000r\000i\000a\000b\000l\000e\000s\000\040\000\050\000.\000e\000n\000v\000\051}{subsubsection*.1371}% 1210
\BOOKMARK [4][-]{paragraph*.1373}{\376\377\000G\000P\000U\000\040\000S\000u\000p\000p\000o\000r\000t\000\040\000\050\000O\000p\000t\000i\000o\000n\000a\000l\000\051}{subsubsection*.1371}% 1211
\BOOKMARK [3][-]{subsubsection*.1374}{\376\377\000D\000a\000t\000a\000\040\000F\000o\000r\000m\000a\000t\000s}{subsection.3.8.5}% 1212
\BOOKMARK [4][-]{paragraph*.1375}{\376\377\000A\000c\000c\000e\000p\000t\000e\000d\000\040\000I\000n\000p\000u\000t\000\040\000F\000o\000r\000m\000a\000t\000s}{subsubsection*.1374}% 1213
\BOOKMARK [4][-]{paragraph*.1376}{\376\377\000E\000x\000a\000m\000p\000l\000e\000\040\000D\000a\000t\000a\000s\000e\000t}{subsubsection*.1374}% 1214
\BOOKMARK [3][-]{subsubsection*.1377}{\376\377\000T\000e\000s\000t\000i\000n\000g}{subsection.3.8.5}% 1215
\BOOKMARK [4][-]{paragraph*.1378}{\376\377\000C\000o\000n\000t\000i\000n\000u\000o\000u\000s\000\040\000I\000n\000t\000e\000g\000r\000a\000t\000i\000o\000n}{subsubsection*.1377}% 1216
\BOOKMARK [4][-]{paragraph*.1380}{\376\377\000A\000P\000I\000\040\000T\000e\000s\000t\000s}{subsubsection*.1377}% 1217
\BOOKMARK [4][-]{paragraph*.1381}{\376\377\000I\000n\000t\000e\000g\000r\000a\000t\000i\000o\000n\000\040\000T\000e\000s\000t\000s}{subsubsection*.1377}% 1218
\BOOKMARK [4][-]{paragraph*.1382}{\376\377\000F\000r\000o\000n\000t\000e\000n\000d\000\040\000T\000e\000s\000t\000s\000\040\000\050\000W\000I\000P\000\051}{subsubsection*.1377}% 1219
\BOOKMARK [4][-]{paragraph*.1383}{\376\377\000M\000a\000n\000u\000a\000l\000\040\000T\000e\000s\000t\000i\000n\000g\000\040\000W\000o\000r\000k\000f\000l\000o\000w}{subsubsection*.1377}% 1220
\BOOKMARK [3][-]{subsubsection*.1384}{\376\377\000P\000r\000o\000d\000u\000c\000t\000i\000o\000n\000\040\000D\000e\000p\000l\000o\000y\000m\000e\000n\000t}{subsection.3.8.5}% 1221
\BOOKMARK [4][-]{paragraph*.1385}{\376\377\000S\000t\000a\000t\000i\000c\000\040\000B\000u\000i\000l\000d\000\040\000\050\000R\000e\000c\000o\000m\000m\000e\000n\000d\000e\000d\000\051}{subsubsection*.1384}% 1222
\BOOKMARK [4][-]{paragraph*.1386}{\376\377\000S\000e\000c\000u\000r\000i\000t\000y\000\040\000C\000o\000n\000s\000i\000d\000e\000r\000a\000t\000i\000o\000n\000s}{subsubsection*.1384}% 1223
\BOOKMARK [3][-]{subsubsection*.1387}{\376\377\000T\000r\000o\000u\000b\000l\000e\000s\000h\000o\000o\000t\000i\000n\000g}{subsection.3.8.5}% 1224
\BOOKMARK [4][-]{paragraph*.1388}{\376\377\000I\000s\000s\000u\000e\000:\000\040\000P\000o\000r\000t\000\040\000a\000l\000r\000e\000a\000d\000y\000\040\000i\000n\000\040\000u\000s\000e}{subsubsection*.1387}% 1225
\BOOKMARK [4][-]{paragraph*.1389}{\376\377\000I\000s\000s\000u\000e\000:\000\040\000P\000e\000r\000m\000i\000s\000s\000i\000o\000n\000\040\000d\000e\000n\000i\000e\000d\000\040\000o\000n\000\040\000/\000d\000a\000t\000a}{subsubsection*.1387}% 1226
\BOOKMARK [4][-]{paragraph*.1390}{\376\377\000I\000s\000s\000u\000e\000:\000\040\000p\000y\0003\000p\000l\000e\000x\000\040\000i\000m\000p\000o\000r\000t\000\040\000e\000r\000r\000o\000r\000\040\000i\000n\000\040\000c\000o\000n\000t\000a\000i\000n\000e\000r\000s}{subsubsection*.1387}% 1227
\BOOKMARK [4][-]{paragraph*.1391}{\376\377\000I\000s\000s\000u\000e\000:\000\040\000F\000r\000o\000n\000t\000e\000n\000d\000\040\000c\000a\000n\040\031\000t\000\040\000r\000e\000a\000c\000h\000\040\000A\000P\000I}{subsubsection*.1387}% 1228
\BOOKMARK [3][-]{subsubsection*.1392}{\376\377\000A\000P\000I\000\040\000D\000o\000c\000u\000m\000e\000n\000t\000a\000t\000i\000o\000n}{subsection.3.8.5}% 1229
\BOOKMARK [4][-]{paragraph*.1393}{\376\377\000K\000e\000y\000\040\000E\000n\000d\000p\000o\000i\000n\000t\000s}{subsubsection*.1392}% 1230
\BOOKMARK [4][-]{paragraph*.1394}{\376\377\000E\000x\000a\000m\000p\000l\000e\000:\000\040\000R\000u\000n\000\040\000A\000n\000a\000l\000y\000s\000i\000s}{subsubsection*.1392}% 1231
\BOOKMARK [3][-]{subsubsection*.1395}{\376\377\000C\000o\000n\000t\000r\000i\000b\000u\000t\000i\000n\000g}{subsection.3.8.5}% 1232
\BOOKMARK [3][-]{subsubsection*.1397}{\376\377\000L\000i\000c\000e\000n\000s\000e}{subsection.3.8.5}% 1233
\BOOKMARK [3][-]{subsubsection*.1398}{\376\377\000A\000c\000k\000n\000o\000w\000l\000e\000d\000g\000m\000e\000n\000t\000s}{subsection.3.8.5}% 1234
\BOOKMARK [3][-]{subsubsection*.1405}{\376\377\000S\000u\000p\000p\000o\000r\000t}{subsection.3.8.5}% 1235
\BOOKMARK [2][-]{subsection.3.8.6}{\376\377\000D\000e\000v\000e\000l\000o\000p\000e\000r\000\040\000\046\000\040\000C\000o\000n\000t\000r\000i\000b\000u\000t\000o\000r\000\040\000D\000o\000c\000s}{section.3.8}% 1236
\BOOKMARK [3][-]{subsubsection*.1407}{\376\377\000T\000y\000p\000e\000s\000\040\000o\000f\000\040\000C\000o\000n\000t\000r\000i\000b\000u\000t\000i\000o\000n\000s}{subsection.3.8.6}% 1237
\BOOKMARK [3][-]{subsubsection*.1408}{\376\377\000G\000e\000t\000t\000i\000n\000g\000\040\000S\000t\000a\000r\000t\000e\000d}{subsection.3.8.6}% 1238
\BOOKMARK [2][-]{subsection.3.8.7}{\376\377\000D\000e\000v\000e\000l\000o\000p\000m\000e\000n\000t\000\040\000G\000u\000i\000d\000e}{section.3.8}% 1239
\BOOKMARK [3][-]{subsubsection*.1409}{\376\377\000G\000e\000t\000t\000i\000n\000g\000\040\000S\000t\000a\000r\000t\000e\000d}{subsection.3.8.7}% 1240
\BOOKMARK [3][-]{subsubsection*.1410}{\376\377\000M\000a\000k\000e\000f\000i\000l\000e\000\040\000C\000o\000m\000m\000a\000n\000d\000s}{subsection.3.8.7}% 1241
\BOOKMARK [3][-]{subsubsection*.1411}{\376\377\000T\000e\000s\000t\000i\000n\000g}{subsection.3.8.7}% 1242
\BOOKMARK [3][-]{subsubsection*.1412}{\376\377\000C\000o\000d\000e\000\040\000Q\000u\000a\000l\000i\000t\000y}{subsection.3.8.7}% 1243
\BOOKMARK [3][-]{subsubsection*.1413}{\376\377\000C\000o\000n\000t\000r\000i\000b\000u\000t\000i\000n\000g}{subsection.3.8.7}% 1244
\BOOKMARK [3][-]{subsubsection*.1414}{\376\377\000D\000o\000c\000u\000m\000e\000n\000t\000a\000t\000i\000o\000n}{subsection.3.8.7}% 1245
\BOOKMARK [4][-]{paragraph*.1415}{\376\377\000D\000o\000c\000u\000m\000e\000n\000t\000a\000t\000i\000o\000n\000\040\000S\000t\000y\000l\000e\000\040\000G\000u\000i\000d\000e}{subsubsection*.1414}% 1246
\BOOKMARK [3][-]{subsubsection*.1416}{\376\377\000R\000e\000s\000o\000u\000r\000c\000e\000s}{subsection.3.8.7}% 1247
\BOOKMARK [2][-]{subsection.3.8.8}{\376\377\000A\000r\000c\000h\000i\000t\000e\000c\000t\000u\000r\000e\000\040\000a\000n\000d\000\040\000D\000e\000s\000i\000g\000n}{section.3.8}% 1248
\BOOKMARK [3][-]{subsubsection*.1417}{\376\377\000S\000y\000s\000t\000e\000m\000\040\000O\000v\000e\000r\000v\000i\000e\000w}{subsection.3.8.8}% 1249
\BOOKMARK [3][-]{subsubsection*.1418}{\376\377\000A\000r\000c\000h\000i\000t\000e\000c\000t\000u\000r\000a\000l\000\040\000L\000a\000y\000e\000r\000s}{subsection.3.8.8}% 1250
\BOOKMARK [4][-]{paragraph*.1419}{\376\377\000C\000o\000r\000e\000\040\000L\000a\000y\000e\000r}{subsubsection*.1418}% 1251
\BOOKMARK [4][-]{paragraph*.1420}{\376\377\000A\000l\000g\000o\000r\000i\000t\000h\000m\000s\000\040\000L\000a\000y\000e\000r}{subsubsection*.1418}% 1252
\BOOKMARK [4][-]{paragraph*.1421}{\376\377\000V\000i\000s\000u\000a\000l\000i\000z\000a\000t\000i\000o\000n\000\040\000L\000a\000y\000e\000r}{subsubsection*.1418}% 1253
\BOOKMARK [4][-]{paragraph*.1422}{\376\377\000W\000r\000a\000p\000p\000e\000r\000s\000\040\000L\000a\000y\000e\000r}{subsubsection*.1418}% 1254
\BOOKMARK [3][-]{subsubsection*.1423}{\376\377\000C\000o\000r\000e\000\040\000D\000a\000t\000a\000\040\000S\000t\000r\000u\000c\000t\000u\000r\000e}{subsection.3.8.8}% 1255
\BOOKMARK [4][-]{paragraph*.1424}{\376\377\000T\000h\000e\000\040\000m\000u\000l\000t\000i\000\137\000l\000a\000y\000e\000r\000\137\000n\000e\000t\000w\000o\000r\000k\000\040\000C\000l\000a\000s\000s}{subsubsection*.1423}% 1256
\BOOKMARK [3][-]{subsubsection*.1425}{\376\377\000D\000e\000s\000i\000g\000n\000\040\000P\000a\000t\000t\000e\000r\000n\000s}{subsection.3.8.8}% 1257
\BOOKMARK [4][-]{paragraph*.1426}{\376\377\000F\000a\000c\000a\000d\000e\000\040\000P\000a\000t\000t\000e\000r\000n}{subsubsection*.1425}% 1258
\BOOKMARK [4][-]{paragraph*.1427}{\376\377\000S\000t\000r\000a\000t\000e\000g\000y\000\040\000P\000a\000t\000t\000e\000r\000n}{subsubsection*.1425}% 1259
\BOOKMARK [4][-]{paragraph*.1428}{\376\377\000T\000e\000m\000p\000l\000a\000t\000e\000\040\000M\000e\000t\000h\000o\000d\000\040\000P\000a\000t\000t\000e\000r\000n}{subsubsection*.1425}% 1260
\BOOKMARK [4][-]{paragraph*.1429}{\376\377\000D\000e\000p\000e\000n\000d\000e\000n\000c\000y\000\040\000I\000n\000j\000e\000c\000t\000i\000o\000n}{subsubsection*.1425}% 1261
\BOOKMARK [3][-]{subsubsection*.1430}{\376\377\000D\000a\000t\000a\000\040\000F\000l\000o\000w}{subsection.3.8.8}% 1262
\BOOKMARK [4][-]{paragraph*.1431}{\376\377\000T\000y\000p\000i\000c\000a\000l\000\040\000W\000o\000r\000k\000f\000l\000o\000w}{subsubsection*.1430}% 1263
\BOOKMARK [4][-]{paragraph*.1432}{\376\377\000S\000t\000a\000t\000e\000\040\000M\000a\000n\000a\000g\000e\000m\000e\000n\000t}{subsubsection*.1430}% 1264
\BOOKMARK [3][-]{subsubsection*.1433}{\376\377\000E\000x\000t\000e\000n\000s\000i\000o\000n\000\040\000P\000o\000i\000n\000t\000s}{subsection.3.8.8}% 1265
\BOOKMARK [4][-]{paragraph*.1434}{\376\377\000C\000u\000s\000t\000o\000m\000\040\000A\000l\000g\000o\000r\000i\000t\000h\000m\000s}{subsubsection*.1433}% 1266
\BOOKMARK [4][-]{paragraph*.1435}{\376\377\000C\000u\000s\000t\000o\000m\000\040\000V\000i\000s\000u\000a\000l\000i\000z\000a\000t\000i\000o\000n\000s}{subsubsection*.1433}% 1267
\BOOKMARK [4][-]{paragraph*.1436}{\376\377\000C\000u\000s\000t\000o\000m\000\040\000P\000a\000r\000s\000e\000r\000s}{subsubsection*.1433}% 1268
\BOOKMARK [3][-]{subsubsection*.1437}{\376\377\000C\000o\000n\000f\000i\000g\000u\000r\000a\000t\000i\000o\000n\000\040\000S\000y\000s\000t\000e\000m}{subsection.3.8.8}% 1269
\BOOKMARK [4][-]{paragraph*.1438}{\376\377\000C\000e\000n\000t\000r\000a\000l\000i\000z\000e\000d\000\040\000C\000o\000n\000f\000i\000g\000u\000r\000a\000t\000i\000o\000n}{subsubsection*.1437}% 1270
\BOOKMARK [3][-]{subsubsection*.1439}{\376\377\000T\000e\000s\000t\000i\000n\000g\000\040\000A\000r\000c\000h\000i\000t\000e\000c\000t\000u\000r\000e}{subsection.3.8.8}% 1271
\BOOKMARK [4][-]{paragraph*.1440}{\376\377\000T\000e\000s\000t\000\040\000O\000r\000g\000a\000n\000i\000z\000a\000t\000i\000o\000n}{subsubsection*.1439}% 1272
\BOOKMARK [4][-]{paragraph*.1441}{\376\377\000T\000e\000s\000t\000\040\000P\000a\000t\000t\000e\000r\000n\000s}{subsubsection*.1439}% 1273
\BOOKMARK [3][-]{subsubsection*.1442}{\376\377\000P\000e\000r\000f\000o\000r\000m\000a\000n\000c\000e\000\040\000C\000o\000n\000s\000i\000d\000e\000r\000a\000t\000i\000o\000n\000s}{subsection.3.8.8}% 1274
\BOOKMARK [4][-]{paragraph*.1443}{\376\377\000L\000a\000z\000y\000\040\000E\000v\000a\000l\000u\000a\000t\000i\000o\000n}{subsubsection*.1442}% 1275
\BOOKMARK [4][-]{paragraph*.1444}{\376\377\000S\000p\000a\000r\000s\000e\000\040\000M\000a\000t\000r\000i\000c\000e\000s}{subsubsection*.1442}% 1276
\BOOKMARK [4][-]{paragraph*.1445}{\376\377\000V\000e\000c\000t\000o\000r\000i\000z\000a\000t\000i\000o\000n}{subsubsection*.1442}% 1277
\BOOKMARK [3][-]{subsubsection*.1446}{\376\377\000L\000o\000g\000g\000i\000n\000g\000\040\000I\000n\000f\000r\000a\000s\000t\000r\000u\000c\000t\000u\000r\000e}{subsection.3.8.8}% 1278
\BOOKMARK [4][-]{paragraph*.1447}{\376\377\000C\000e\000n\000t\000r\000a\000l\000i\000z\000e\000d\000\040\000L\000o\000g\000g\000i\000n\000g}{subsubsection*.1446}% 1279
\BOOKMARK [4][-]{paragraph*.1448}{\376\377\000L\000o\000g\000\040\000L\000e\000v\000e\000l\000s}{subsubsection*.1446}% 1280
\BOOKMARK [3][-]{subsubsection*.1449}{\376\377\000E\000r\000r\000o\000r\000\040\000H\000a\000n\000d\000l\000i\000n\000g}{subsection.3.8.8}% 1281
\BOOKMARK [4][-]{paragraph*.1450}{\376\377\000C\000u\000s\000t\000o\000m\000\040\000E\000x\000c\000e\000p\000t\000i\000o\000n\000s}{subsubsection*.1449}% 1282
\BOOKMARK [3][-]{subsubsection*.1451}{\376\377\000F\000u\000t\000u\000r\000e\000\040\000A\000r\000c\000h\000i\000t\000e\000c\000t\000u\000r\000e}{subsection.3.8.8}% 1283
\BOOKMARK [4][-]{paragraph*.1452}{\376\377\000P\000l\000a\000n\000n\000e\000d\000\040\000I\000m\000p\000r\000o\000v\000e\000m\000e\000n\000t\000s}{subsubsection*.1451}% 1284
\BOOKMARK [3][-]{subsubsection*.1453}{\376\377\000S\000e\000e\000\040\000A\000l\000s\000o}{subsection.3.8.8}% 1285
\BOOKMARK [0][-]{chapter.4}{\376\377\000C\000i\000t\000a\000t\000i\000o\000n}{}% 1286
\BOOKMARK [0][-]{chapter.5}{\376\377\000I\000n\000d\000i\000c\000e\000s\000\040\000a\000n\000d\000\040\000T\000a\000b\000l\000e\000s}{}% 1287
